entity_id,entity_type
D3871,device
C0215,customer
D1010,device
I7990,ip
I3120,ip
I8110,ip
I8570,ip
P8661,payment_instrument
D0950,device
D2292,device
C0696,customer
C0821,customer
P5600,payment_instrument
P9481,payment_instrument
I2440,ip
C0494,customer
D6801,device
D5902,device
P5140,payment_instrument
D4160,device
I2911,ip
I0117,ip
I0440,ip
C0584,customer
D9800,device
D8650,device
P2370,payment_instrument
P4341,payment_instrument
P7920,payment_instrument
P8580,payment_instrument
C0862,customer
P3960,payment_instrument
D0710,device
C0783,customer
I3600,ip
D8461,device
I3200,ip
D5212,device
I7420,ip
P0360,payment_instrument
D7560,device
C0534,customer
I0410,ip
D5911,device
C0757,customer
C0450,customer
C0377,customer
D2990,device
D3121,device
C0558,customer
D6981,device
D5361,device
I7350,ip
I8012,ip
D4011,device
C0754,customer
P3330,payment_instrument
D6030,device
D1780,device
I7352,ip
I8031,ip
P2590,payment_instrument
I6250,ip
P1601,payment_instrument
I0822,ip
I3041,ip
I3031,ip
I2350,ip
I4360,ip
I8972,ip
I9770,ip
I9220,ip
D7400,device
I0014,ip
I5031,ip
I3851,ip
I7871,ip
I0991,ip
C0548,customer
D7421,device
D4400,device
I0802,ip
P6920,payment_instrument
P2260,payment_instrument
P3940,payment_instrument
D0552,device
C0409,customer
D4920,device
C0980,customer
P0531,payment_instrument
I1440,ip
D2872,device
I7151,ip
P5270,payment_instrument
I8672,ip
P1420,payment_instrument
I0141,ip
D6190,device
D9131,device
P2900,payment_instrument
D9481,device
D8021,device
D4211,device
D5312,device
I0511,ip
C0199,customer
D5091,device
P8600,payment_instrument
D5341,device
C0017,customer
I6060,ip
D1840,device
C0662,customer
D2550,device
I7051,ip
C0250,customer
P9200,payment_instrument
C0797,customer
D6420,device
C0617,customer
D8420,device
I2231,ip
I5660,ip
I4562,ip
P5640,payment_instrument
I4981,ip
D5981,device
P1441,payment_instrument
I0821,ip
D5140,device
C0103,customer
P3131,payment_instrument
D8140,device
D2640,device
I4520,ip
I4442,ip
I2631,ip
P9331,payment_instrument
P3491,payment_instrument
D9100,device
C0114,customer
I6731,ip
D1220,device
I0270,ip
I5751,ip
I1962,ip
I0111,ip
D0141,device
P5930,payment_instrument
I6601,ip
D7011,device
I8180,ip
I2250,ip
D7131,device
P0160,payment_instrument
D4280,device
I2772,ip
C0189,customer
C0230,customer
D7161,device
I5290,ip
D1781,device
I1201,ip
D9351,device
D6111,device
I0332,ip
P1931,payment_instrument
D0381,device
C0799,customer
I1832,ip
D2451,device
C0294,customer
I7460,ip
D3812,device
P6080,payment_instrument
C0828,customer
I3461,ip
D9901,device
P5601,payment_instrument
I8041,ip
D8470,device
C0822,customer
D0610,device
P8501,payment_instrument
D1211,device
D5092,device
P4811,payment_instrument
C0504,customer
P7931,payment_instrument
P2160,payment_instrument
I4970,ip
C0611,customer
P1210,payment_instrument
I7160,ip
I1070,ip
C0153,customer
D2160,device
D7192,device
I7260,ip
D6081,device
D1900,device
I5320,ip
I0165,ip
I2962,ip
D4931,device
D8281,device
D7390,device
P6711,payment_instrument
I2280,ip
D3551,device
I2242,ip
D5180,device
C0219,customer
D0570,device
P7590,payment_instrument
P2881,payment_instrument
P7581,payment_instrument
D0062,device
P2930,payment_instrument
P2350,payment_instrument
I0018,ip
D6212,device
P7960,payment_instrument
I7811,ip
P1800,payment_instrument
I8640,ip
D9851,device
D5990,device
I7392,ip
P0201,payment_instrument
C0747,customer
D7181,device
P4630,payment_instrument
I0002,ip
D1011,device
P6251,payment_instrument
I6431,ip
I3751,ip
P8001,payment_instrument
D2350,device
D8450,device
P7480,payment_instrument
I2600,ip
C0081,customer
I5452,ip
C0187,customer
P1270,payment_instrument
P3270,payment_instrument
C0543,customer
I3711,ip
C0720,customer
C0104,customer
D9392,device
I2522,ip
D7251,device
I7611,ip
I0890,ip
I9231,ip
D4010,device
C0383,customer
I6990,ip
P0250,payment_instrument
P8011,payment_instrument
P7170,payment_instrument
D2072,device
D0421,device
P4261,payment_instrument
P1041,payment_instrument
C0190,customer
P7880,payment_instrument
I1241,ip
C0430,customer
D4331,device
P4581,payment_instrument
P1741,payment_instrument
C0526,customer
I9232,ip
D7921,device
D9992,device
D7361,device
I0040,ip
P2961,payment_instrument
I8911,ip
D9170,device
C0286,customer
C0967,customer
I0191,ip
P6910,payment_instrument
P7760,payment_instrument
D5750,device
P6621,payment_instrument
D1150,device
D5052,device
D5300,device
D1881,device
I4490,ip
I1831,ip
C0013,customer
D7662,device
P6661,payment_instrument
C0755,customer
C0685,customer
C0420,customer
D9592,device
D0101,device
D9710,device
D4980,device
C0647,customer
P1070,payment_instrument
D9340,device
C0890,customer
D2091,device
P9480,payment_instrument
C0251,customer
I2260,ip
I5560,ip
D0190,device
D6891,device
D8010,device
I1130,ip
D3841,device
I4750,ip
C0759,customer
P8750,payment_instrument
P9731,payment_instrument
D7440,device
P0961,payment_instrument
D8720,device
I0690,ip
I1522,ip
I7341,ip
P8660,payment_instrument
I1851,ip
I5632,ip
I5670,ip
D5602,device
P4600,payment_instrument
I2671,ip
C0142,customer
I0960,ip
I8350,ip
C0100,customer
I0189,ip
D3630,device
I0052,ip
P1110,payment_instrument
P9490,payment_instrument
I6182,ip
D8910,device
D7371,device
P0450,payment_instrument
D3720,device
D8002,device
P5721,payment_instrument
C0395,customer
P4650,payment_instrument
D6150,device
P8670,payment_instrument
I0193,ip
I9210,ip
I1502,ip
D5832,device
I1061,ip
C0838,customer
C0873,customer
D8751,device
I0331,ip
I9280,ip
D1412,device
P3530,payment_instrument
D6550,device
D4570,device
I6041,ip
P3020,payment_instrument
D6810,device
D6651,device
I2642,ip
D9511,device
P7801,payment_instrument
I0007,ip
C0513,customer
I9070,ip
D9380,device
D4911,device
D6250,device
C0622,customer
P6551,payment_instrument
D6711,device
D5050,device
I7270,ip
P7761,payment_instrument
I7520,ip
I3680,ip
D9601,device
D0200,device
D0290,device
P8030,payment_instrument
P7290,payment_instrument
I8731,ip
D6920,device
C0735,customer
I8680,ip
P1820,payment_instrument
P1370,payment_instrument
I8151,ip
D8890,device
P0480,payment_instrument
P1910,payment_instrument
D7130,device
D3400,device
D0880,device
P0280,payment_instrument
D1500,device
D0601,device
P6060,payment_instrument
D9310,device
I9860,ip
D6032,device
I5861,ip
C0305,customer
C0394,customer
C0624,customer
P6591,payment_instrument
P4520,payment_instrument
D3100,device
C0805,customer
C0035,customer
D4761,device
D0372,device
C0224,customer
D5051,device
C0327,customer
I7431,ip
I6360,ip
C0059,customer
D3550,device
C0694,customer
I3980,ip
C0208,customer
I2591,ip
D9982,device
D3761,device
I5850,ip
P5850,payment_instrument
I6000,ip
C0067,customer
D9920,device
I6761,ip
C0528,customer
I8260,ip
C0426,customer
P9320,payment_instrument
I8520,ip
I5651,ip
D1231,device
P6100,payment_instrument
D3451,device
P7071,payment_instrument
C0960,customer
P4110,payment_instrument
I5420,ip
D4882,device
C0008,customer
D5721,device
D9730,device
P1191,payment_instrument
D8610,device
I2680,ip
D6202,device
I9221,ip
P9111,payment_instrument
D8620,device
C0393,customer
I7910,ip
D3081,device
P1790,payment_instrument
C0518,customer
I5410,ip
P7180,payment_instrument
I5732,ip
C0272,customer
D6610,device
P6581,payment_instrument
I7982,ip
D6310,device
C0996,customer
C0626,customer
I0671,ip
D4930,device
D7581,device
D1830,device
I8952,ip
C0099,customer
P8400,payment_instrument
C0820,customer
P1891,payment_instrument
I8862,ip
P4911,payment_instrument
I9281,ip
D0981,device
I1060,ip
C0121,customer
I6180,ip
C0930,customer
P3281,payment_instrument
I6971,ip
C0119,customer
I3791,ip
D4870,device
I5030,ip
I7212,ip
D5382,device
P6640,payment_instrument
D9450,device
C0582,customer
P3801,payment_instrument
D1661,device
I7042,ip
D8821,device
P5061,payment_instrument
I1781,ip
I2670,ip
D5570,device
P9210,payment_instrument
I2561,ip
P7280,payment_instrument
I0033,ip
C0549,customer
P1171,payment_instrument
C0581,customer
D6851,device
I0056,ip
D4851,device
C0200,customer
P2850,payment_instrument
C0413,customer
I2141,ip
P7910,payment_instrument
P9860,payment_instrument
I7080,ip
D1951,device
D5850,device
D7231,device
D7650,device
D6811,device
I1431,ip
P2140,payment_instrument
P3880,payment_instrument
P9681,payment_instrument
D7960,device
D5810,device
D6680,device
D4560,device
I9720,ip
I4421,ip
D6380,device
D3631,device
D4861,device
C0979,customer
I0380,ip
P4950,payment_instrument
D4250,device
I9201,ip
I2951,ip
I2790,ip
D7860,device
I0102,ip
D8752,device
P5951,payment_instrument
I4310,ip
I9762,ip
I2840,ip
C0078,customer
D4390,device
D8370,device
I4300,ip
C0087,customer
P8630,payment_instrument
I7380,ip
D6460,device
D9840,device
D6011,device
D1362,device
I6911,ip
I8560,ip
C0826,customer
I3590,ip
P9711,payment_instrument
D8571,device
D6231,device
P9521,payment_instrument
D9861,device
D3462,device
I8442,ip
I6611,ip
I5481,ip
P6200,payment_instrument
C0133,customer
I5960,ip
C0484,customer
P0330,payment_instrument
P8871,payment_instrument
C0815,customer
P5181,payment_instrument
I5350,ip
D9570,device
I8461,ip
I3760,ip
D5862,device
D8911,device
P9680,payment_instrument
I2392,ip
C0154,customer
I7041,ip
D9691,device
P8620,payment_instrument
P1190,payment_instrument
D0871,device
P2340,payment_instrument
I2560,ip
I8131,ip
I1292,ip
C0956,customer
I9940,ip
P1141,payment_instrument
P0170,payment_instrument
I7671,ip
I2262,ip
D8171,device
D6921,device
C0073,customer
I9371,ip
P8300,payment_instrument
P7310,payment_instrument
P3740,payment_instrument
C0403,customer
D5142,device
C0737,customer
C0126,customer
P5500,payment_instrument
P9591,payment_instrument
D1170,device
I6541,ip
C0442,customer
P6111,payment_instrument
C0202,customer
C0843,customer
I5770,ip
I3011,ip
P4220,payment_instrument
I5362,ip
D1982,device
I6991,ip
D4591,device
I0321,ip
I1232,ip
C0702,customer
P4240,payment_instrument
D7552,device
P4211,payment_instrument
I8201,ip
P0810,payment_instrument
I0700,ip
D0840,device
C0999,customer
P3770,payment_instrument
D4790,device
C0331,customer
D9720,device
I3371,ip
C7006,customer
I6162,ip
P9021,payment_instrument
C0551,customer
D8580,device
P5670,payment_instrument
I3861,ip
I9692,ip
C0296,customer
P6860,payment_instrument
I6092,ip
P2430,payment_instrument
C0922,customer
D7970,device
I7180,ip
P4381,payment_instrument
P8621,payment_instrument
I5052,ip
I9400,ip
I0046,ip
D1361,device
I4070,ip
I1100,ip
I6350,ip
D7621,device
I3921,ip
I0037,ip
P7060,payment_instrument
I0030,ip
D7291,device
D2830,device
C0514,customer
C0358,customer
D6692,device
I8332,ip
I9741,ip
D3482,device
D1230,device
I4142,ip
I7330,ip
C0773,customer
I8412,ip
D9230,device
D7150,device
D4881,device
C0253,customer
C0809,customer
I3051,ip
P3620,payment_instrument
I6120,ip
D3690,device
P1060,payment_instrument
D3771,device
I7261,ip
I1231,ip
C0499,customer
I0240,ip
I4092,ip
P8650,payment_instrument
D8581,device
D2660,device
P6061,payment_instrument
I8040,ip
D9271,device
P9960,payment_instrument
C0227,customer
C0766,customer
I1810,ip
C0618,customer
I4012,ip
P8440,payment_instrument
I0080,ip
C0178,customer
P2431,payment_instrument
P3540,payment_instrument
D5542,device
I3431,ip
I5611,ip
C0330,customer
I6280,ip
D7051,device
D7760,device
I6252,ip
D2391,device
D3240,device
C0010,customer
D7080,device
P7081,payment_instrument
C0555,customer
I4811,ip
D2952,device
C0193,customer
C0449,customer
D2700,device
P3161,payment_instrument
C0402,customer
I5921,ip
P3931,payment_instrument
D1820,device
C0391,customer
I0178,ip
C0794,customer
D7962,device
D0561,device
D6400,device
D0191,device
D1581,device
C0170,customer
C0019,customer
P3320,payment_instrument
C0568,customer
I7071,ip
P3690,payment_instrument
D8770,device
D0272,device
P4180,payment_instrument
C0471,customer
P9631,payment_instrument
D0780,device
P5100,payment_instrument
I3981,ip
I7651,ip
P0520,payment_instrument
I0900,ip
I0068,ip
P0080,payment_instrument
I5271,ip
C0609,customer
I4021,ip
C0888,customer
P4281,payment_instrument
P7940,payment_instrument
D4600,device
P0220,payment_instrument
I0751,ip
P1680,payment_instrument
P3340,payment_instrument
C0399,customer
D1771,device
P3021,payment_instrument
C0091,customer
C0475,customer
C0749,customer
P9370,payment_instrument
D6311,device
I1702,ip
C0929,customer
P2170,payment_instrument
C0474,customer
I0164,ip
I1470,ip
P0650,payment_instrument
C0064,customer
C0570,customer
I9350,ip
D8881,device
I3950,ip
P9240,payment_instrument
C0855,customer
C0351,customer
D1351,device
I9510,ip
I3151,ip
P4820,payment_instrument
I7252,ip
D3680,device
C0315,customer
D0140,device
D0112,device
D2511,device
I4090,ip
I0083,ip
I1521,ip
D6320,device
C0649,customer
P9280,payment_instrument
D0361,device
D6580,device
P0380,payment_instrument
P9691,payment_instrument
D4462,device
I4780,ip
D1600,device
P1220,payment_instrument
I1660,ip
I0152,ip
I3550,ip
D6171,device
D5931,device
I4830,ip
C0229,customer
C0829,customer
C0282,customer
I2780,ip
P6840,payment_instrument
D5690,device
I6032,ip
P9070,payment_instrument
D2601,device
I9170,ip
D7750,device
I6460,ip
D8540,device
I0186,ip
I4111,ip
D4500,device
D3252,device
D2010,device
D0231,device
P4591,payment_instrument
I7031,ip
P0230,payment_instrument
D9220,device
C0508,customer
C0614,customer
P2770,payment_instrument
P5890,payment_instrument
D7891,device
I0160,ip
C0266,customer
D5130,device
D8850,device
D3660,device
D8220,device
I7140,ip
D9981,device
D0970,device
D3901,device
P4951,payment_instrument
I7580,ip
D7330,device
D8250,device
D1801,device
I6602,ip
D3940,device
I1731,ip
P8851,payment_instrument
P8800,payment_instrument
D0250,device
I0151,ip
P9421,payment_instrument
P8900,payment_instrument
D9211,device
I3770,ip
I6680,ip
D4032,device
D6121,device
I8641,ip
D5842,device
C0713,customer
D1542,device
P5641,payment_instrument
I6220,ip
I7210,ip
D5201,device
D2491,device
C0965,customer
P6451,payment_instrument
P5180,payment_instrument
P9610,payment_instrument
D6630,device
D6021,device
I0094,ip
C0725,customer
C0870,customer
P4391,payment_instrument
P7441,payment_instrument
D3320,device
P0690,payment_instrument
D2452,device
P8150,payment_instrument
D3860,device
D4670,device
D1020,device
P6190,payment_instrument
D5870,device
C0194,customer
P0510,payment_instrument
I3330,ip
P6700,payment_instrument
C0644,customer
D0862,device
P3220,payment_instrument
P0600,payment_instrument
C0538,customer
I5391,ip
I7370,ip
D1920,device
I5730,ip
I1510,ip
D8621,device
D6452,device
D4450,device
P4490,payment_instrument
D4071,device
D8130,device
C0750,customer
C0473,customer
D8361,device
D0990,device
P2800,payment_instrument
I0280,ip
I6781,ip
P3720,payment_instrument
C0174,customer
I3970,ip
D3440,device
I8821,ip
I3650,ip
C0540,customer
D3230,device
I6651,ip
P7130,payment_instrument
P2231,payment_instrument
D6501,device
I5071,ip
I0871,ip
I2202,ip
I8651,ip
I1512,ip
P2261,payment_instrument
D3670,device
I3540,ip
P4550,payment_instrument
I4262,ip
C0183,customer
P2830,payment_instrument
D1291,device
P3580,payment_instrument
D3062,device
D6340,device
P3260,payment_instrument
I5172,ip
P0431,payment_instrument
I3640,ip
C0970,customer
I2960,ip
C0832,customer
I0472,ip
D3281,device
D0671,device
D6350,device
I0382,ip
D5831,device
D4380,device
D2020,device
I3781,ip
D1240,device
D4590,device
D8312,device
P7002,payment_instrument
C0166,customer
D8242,device
P8371,payment_instrument
I9650,ip
C0985,customer
I0390,ip
I2371,ip
D4880,device
P1430,payment_instrument
I1032,ip
I0060,ip
D7061,device
D3331,device
I4541,ip
C0086,customer
C0842,customer
I3771,ip
C0881,customer
I1272,ip
C0627,customer
D0110,device
P2960,payment_instrument
I6481,ip
D9120,device
D0340,device
D3411,device
D9390,device
D5901,device
I0084,ip
P0530,payment_instrument
C0323,customer
D2180,device
P2000,payment_instrument
P4271,payment_instrument
P8370,payment_instrument
P9630,payment_instrument
D1531,device
D2290,device
D7281,device
D5460,device
C0407,customer
P5340,payment_instrument
I7770,ip
D6760,device
D7711,device
I4831,ip
D7242,device
D6970,device
P6371,payment_instrument
D2631,device
P3030,payment_instrument
I6650,ip
D6440,device
D2012,device
I3020,ip
C8003,customer
I4720,ip
P2810,payment_instrument
C0380,customer
C0050,customer
I9680,ip
P8920,payment_instrument
P2790,payment_instrument
I2541,ip
C0167,customer
P2691,payment_instrument
D5040,device
P5660,payment_instrument
I5100,ip
P9760,payment_instrument
P5910,payment_instrument
D2752,device
I3460,ip
D7290,device
P9510,payment_instrument
D2310,device
D9381,device
D5151,device
C0912,customer
D4441,device
P9990,payment_instrument
D7651,device
I8390,ip
D0961,device
C0981,customer
D4082,device
P8401,payment_instrument
P8681,payment_instrument
P5590,payment_instrument
C0239,customer
C0093,customer
C0772,customer
D1850,device
C0151,customer
D8391,device
P7970,payment_instrument
D3760,device
P3701,payment_instrument
D7500,device
D7620,device
D1821,device
I0400,ip
C0699,customer
D6640,device
D0452,device
I5451,ip
I7280,ip
I5101,ip
I9990,ip
D3140,device
I9130,ip
P5920,payment_instrument
C0665,customer
C0613,customer
I9581,ip
D3270,device
D5691,device
D0150,device
D1510,device
D2991,device
I2150,ip
C0241,customer
C0972,customer
D8070,device
D3180,device
D5792,device
D8520,device
C0325,customer
P2480,payment_instrument
C0291,customer
D6020,device
I9062,ip
D0850,device
D8800,device
I0892,ip
I0181,ip
I1422,ip
P5300,payment_instrument
D9940,device
P5471,payment_instrument
D3641,device
D4431,device
D2622,device
I2430,ip
D5440,device
C0716,customer
P5710,payment_instrument
D8802,device
P8711,payment_instrument
D5302,device
D7090,device
P8291,payment_instrument
D9520,device
I4982,ip
I3741,ip
D7961,device
D1690,device
I8710,ip
D0920,device
I8650,ip
I0600,ip
D3241,device
C0580,customer
D8481,device
I2122,ip
C0188,customer
C0207,customer
I9610,ip
P7850,payment_instrument
C0112,customer
P1640,payment_instrument
I3392,ip
I4762,ip
P1770,payment_instrument
P4100,payment_instrument
P5241,payment_instrument
D5671,device
P1881,payment_instrument
I3210,ip
D1350,device
P8731,payment_instrument
P7800,payment_instrument
D8340,device
C0322,customer
I7790,ip
D2110,device
P2970,payment_instrument
D0122,device
D8040,device
I9700,ip
I3350,ip
D4990,device
D6600,device
P7411,payment_instrument
P2681,payment_instrument
P8050,payment_instrument
I1330,ip
P0890,payment_instrument
I9871,ip
I4292,ip
C0292,customer
D8160,device
D8432,device
I3370,ip
D8750,device
P8651,payment_instrument
I9060,ip
P6300,payment_instrument
D3422,device
D6211,device
I3241,ip
C0369,customer
D6500,device
D8031,device
P7610,payment_instrument
P5950,payment_instrument
D7730,device
P3150,payment_instrument
I6631,ip
D1371,device
I0137,ip
D4261,device
I5910,ip
D1300,device
I5020,ip
P1791,payment_instrument
D0581,device
C0501,customer
C0147,customer
P4921,payment_instrument
C0280,customer
I4821,ip
P3480,payment_instrument
I9910,ip
C0389,customer
P8710,payment_instrument
D2512,device
C0616,customer
D8801,device
C0111,customer
I6610,ip
P2090,payment_instrument
C0927,customer
D2131,device
D5461,device
C0105,customer
D2731,device
P0361,payment_instrument
I1961,ip
I1800,ip
P6731,payment_instrument
I6031,ip
C0443,customer
P2570,payment_instrument
D5621,device
P8340,payment_instrument
P0950,payment_instrument
D3040,device
C0312,customer
P3290,payment_instrument
P8410,payment_instrument
I2210,ip
D1490,device
C0468,customer
D8400,device
P5121,payment_instrument
C0712,customer
D5712,device
I3110,ip
I6700,ip
I2501,ip
D7271,device
I6551,ip
I6022,ip
P3080,payment_instrument
P5080,payment_instrument
I8250,ip
I1121,ip
P4701,payment_instrument
C0144,customer
D8702,device
P8270,payment_instrument
I9190,ip
I5500,ip
P5451,payment_instrument
D5450,device
I8902,ip
C0740,customer
D7910,device
P1641,payment_instrument
I9140,ip
D0680,device
D6540,device
P4041,payment_instrument
I0761,ip
P4191,payment_instrument
I0582,ip
I3661,ip
C0824,customer
D8230,device
D9372,device
P1020,payment_instrument
P6680,payment_instrument
C0975,customer
D4210,device
I4611,ip
C0571,customer
D6840,device
I0770,ip
I2702,ip
P6560,payment_instrument
P9461,payment_instrument
D7141,device
D4370,device
I4610,ip
C0893,customer
D7571,device
I9651,ip
D5630,device
D5490,device
I6471,ip
D4140,device
C0650,customer
P1330,payment_instrument
D9191,device
C0615,customer
P4051,payment_instrument
I0166,ip
C0897,customer
D6061,device
P9831,payment_instrument
P2071,payment_instrument
I1050,ip
C6013,customer
P1801,payment_instrument
P7491,payment_instrument
I3230,ip
D9412,device
D4410,device
D3811,device
P3600,payment_instrument
P1591,payment_instrument
I3380,ip
D2781,device
D5120,device
P7311,payment_instrument
I7001,ip
C0882,customer
D4300,device
I1140,ip
I3231,ip
I7320,ip
C0651,customer
I7680,ip
D7032,device
P0401,payment_instrument
P4420,payment_instrument
C0529,customer
D5582,device
C0939,customer
D4970,device
C0738,customer
D1981,device
I5040,ip
P2951,payment_instrument
C0934,customer
I1191,ip
I0011,ip
C0721,customer
I1110,ip
D4640,device
I3042,ip
I3842,ip
I1250,ip
P0981,payment_instrument
D3492,device
C0397,customer
P2730,payment_instrument
I3150,ip
D7451,device
D4971,device
P6450,payment_instrument
P1730,payment_instrument
D6372,device
I7731,ip
P9930,payment_instrument
D3300,device
I7921,ip
C0438,customer
I4680,ip
D9242,device
C0807,customer
C0983,customer
I0250,ip
I6270,ip
P6360,payment_instrument
P5220,payment_instrument
C0385,customer
D4780,device
D0851,device
C0902,customer
I5812,ip
C0181,customer
D6570,device
D0730,device
D4770,device
D0940,device
C0871,customer
P5320,payment_instrument
C0148,customer
I3830,ip
C0497,customer
P5041,payment_instrument
I9360,ip
I0149,ip
I9962,ip
D9750,device
I4030,ip
I4361,ip
D7430,device
P8131,payment_instrument
I0650,ip
P3590,payment_instrument
I4550,ip
D0351,device
D1001,device
P1660,payment_instrument
I0500,ip
I4480,ip
D1030,device
P7220,payment_instrument
P3230,payment_instrument
C0677,customer
C0533,customer
C0953,customer
D1432,device
I1400,ip
I2950,ip
I7502,ip
C0905,customer
D5651,device
D7720,device
I4441,ip
C0245,customer
P4800,payment_instrument
I7902,ip
I6720,ip
P9640,payment_instrument
C0701,customer
P4970,payment_instrument
C0883,customer
D6010,device
P6240,payment_instrument
I9061,ip
D8030,device
P2190,payment_instrument
D9740,device
I1661,ip
D2751,device
C0248,customer
D3721,device
I4450,ip
I1001,ip
P8530,payment_instrument
P9431,payment_instrument
I4141,ip
C0638,customer
C0177,customer
I2900,ip
D0330,device
C0437,customer
P8880,payment_instrument
P2651,payment_instrument
I1300,ip
P1450,payment_instrument
C5007,customer
I4700,ip
I3940,ip
D7262,device
D5360,device
D6621,device
I8411,ip
D0472,device
P1470,payment_instrument
C0206,customer
C0094,customer
C0273,customer
D5001,device
I3240,ip
D6101,device
P4310,payment_instrument
P5820,payment_instrument
D0192,device
I7170,ip
D1971,device
P0300,payment_instrument
P6160,payment_instrument
C0410,customer
P5691,payment_instrument
I0720,ip
P9430,payment_instrument
C0565,customer
I2331,ip
D9712,device
I8191,ip
I3010,ip
P2831,payment_instrument
D2120,device
P0490,payment_instrument
C0339,customer
D9300,device
C0362,customer
D9260,device
P0090,payment_instrument
C0958,customer
I5191,ip
C0876,customer
D4520,device
I7940,ip
D5861,device
C0070,customer
D6611,device
I2071,ip
D9591,device
I8212,ip
I5920,ip
I6632,ip
I4050,ip
D2860,device
P5350,payment_instrument
D8582,device
I0742,ip
I7890,ip
D9780,device
D3190,device
I0172,ip
P7450,payment_instrument
C0060,customer
D5320,device
I2142,ip
P8411,payment_instrument
D6870,device
D6670,device
D3371,device
P3300,payment_instrument
P6800,payment_instrument
I7950,ip
D8970,device
D0591,device
C0552,customer
P6500,payment_instrument
D1770,device
D5510,device
P3650,payment_instrument
I9380,ip
P3370,payment_instrument
D9031,device
I4620,ip
P7241,payment_instrument
I7700,ip
I9682,ip
I0630,ip
C0808,customer
P9301,payment_instrument
I6362,ip
I8410,ip
D5021,device
I4340,ip
I4400,ip
D3910,device
I3260,ip
I9880,ip
D7470,device
I9690,ip
P2660,payment_instrument
C0758,customer
C0852,customer
P4680,payment_instrument
D4710,device
C0074,customer
I7200,ip
I7721,ip
I1322,ip
C0009,customer
D5072,device
I8290,ip
I5990,ip
I4991,ip
P1570,payment_instrument
P5580,payment_instrument
C0700,customer
D2272,device
C0877,customer
P1350,payment_instrument
P1571,payment_instrument
P2540,payment_instrument
P6340,payment_instrument
P5310,payment_instrument
C0135,customer
I8080,ip
P4580,payment_instrument
I7000,ip
I6212,ip
P0720,payment_instrument
I5160,ip
C0913,customer
I1500,ip
D2370,device
C0640,customer
D9952,device
C0646,customer
D4850,device
D1652,device
C0284,customer
D4821,device
D2841,device
D7211,device
D5680,device
I8061,ip
I7880,ip
D1100,device
P0710,payment_instrument
P7911,payment_instrument
I0148,ip
I3991,ip
C0164,customer
I8770,ip
D3490,device
I5000,ip
D0551,device
D5960,device
D5171,device
P2761,payment_instrument
I1000,ip
P4500,payment_instrument
C0542,customer
P7780,payment_instrument
I1690,ip
P5700,payment_instrument
P3420,payment_instrument
D4132,device
D3321,device
C0507,customer
C0485,customer
I9820,ip
P6471,payment_instrument
I2991,ip
I1141,ip
P7101,payment_instrument
D5350,device
C0607,customer
I1271,ip
D6300,device
D1530,device
D0660,device
P6600,payment_instrument
D7200,device
P8110,payment_instrument
I2040,ip
I0061,ip
D8740,device
D9012,device
I0031,ip
P7611,payment_instrument
I2770,ip
C0255,customer
D7940,device
I8501,ip
I5831,ip
I7531,ip
I0341,ip
D1870,device
C0951,customer
P3840,payment_instrument
D6370,device
C0405,customer
P5650,payment_instrument
I0101,ip
P6870,payment_instrument
D7020,device
D5030,device
I0221,ip
I2511,ip
D0941,device
C0368,customer
I1281,ip
C0790,customer
D0891,device
D9321,device
P6901,payment_instrument
I1761,ip
D0032,device
C0414,customer
P3820,payment_instrument
P7020,payment_instrument
D2151,device
D6342,device
D3332,device
D3340,device
P4960,payment_instrument
D7210,device
D2480,device
P3981,payment_instrument
C0942,customer
C0674,customer
I7050,ip
C0678,customer
D1042,device
D6712,device
C0415,customer
I9042,ip
I0171,ip
D8712,device
I3131,ip
D7340,device
P5130,payment_instrument
I9480,ip
P0701,payment_instrument
C0211,customer
I8231,ip
P3061,payment_instrument
D1190,device
C0589,customer
D1501,device
I7090,ip
D3250,device
I0184,ip
P7481,payment_instrument
I9332,ip
D0400,device
I2661,ip
D7830,device
D0800,device
P9441,payment_instrument
P4640,payment_instrument
P2750,payment_instrument
D1721,device
P9620,payment_instrument
C0225,customer
I8780,ip
P2980,payment_instrument
C0527,customer
D2921,device
P2581,payment_instrument
D0802,device
D0592,device
D8452,device
D1482,device
I9521,ip
P1620,payment_instrument
C0595,customer
I1750,ip
C0465,customer
I7232,ip
D1281,device
C0317,customer
D9620,device
C0127,customer
D3280,device
C0866,customer
P4090,payment_instrument
C0933,customer
P7291,payment_instrument
I5890,ip
I8171,ip
C0556,customer
C0806,customer
D6220,device
P4750,payment_instrument
I6620,ip
P4360,payment_instrument
D9880,device
I10001,ip
P1980,payment_instrument
D2492,device
I6330,ip
P5390,payment_instrument
P3990,payment_instrument
C0085,customer
I2531,ip
P3961,payment_instrument
D0172,device
D2920,device
C0440,customer
D7431,device
C0024,customer
D3820,device
P0471,payment_instrument
P8761,payment_instrument
D6750,device
P3751,payment_instrument
I6081,ip
I4980,ip
D8790,device
C0390,customer
C0502,customer
D6290,device
D6990,device
P8541,payment_instrument
P5991,payment_instrument
P6430,payment_instrument
P0451,payment_instrument
P4150,payment_instrument
P5941,payment_instrument
D0301,device
I7470,ip
I5930,ip
P4480,payment_instrument
P7440,payment_instrument
I6340,ip
I2920,ip
I5431,ip
D0700,device
D5062,device
D0270,device
I0411,ip
C0991,customer
P0700,payment_instrument
P5970,payment_instrument
D2311,device
D8151,device
C0779,customer
C0136,customer
D1650,device
C0384,customer
I9641,ip
P1941,payment_instrument
P4930,payment_instrument
I6730,ip
D3840,device
I2400,ip
I0130,ip
D3421,device
I9321,ip
C0435,customer
D7881,device
D0831,device
I5301,ip
D5800,device
D0491,device
I6970,ip
I4730,ip
D9460,device
I0161,ip
I0076,ip
D5160,device
P9770,payment_instrument
D8551,device
I6130,ip
P5151,payment_instrument
P1670,payment_instrument
P1290,payment_instrument
D9841,device
I0017,ip
D0392,device
I0810,ip
D4341,device
C0033,customer
D6520,device
I0005,ip
C0954,customer
I6840,ip
P8801,payment_instrument
D4310,device
I4250,ip
I9580,ip
I7150,ip
D0021,device
P6620,payment_instrument
I6860,ip
D0621,device
C6012,customer
I9971,ip
C0770,customer
C0366,customer
D4661,device
P8311,payment_instrument
C0158,customer
P8841,payment_instrument
P3760,payment_instrument
D8402,device
P1590,payment_instrument
C0132,customer
I4230,ip
C0419,customer
C0715,customer
I5581,ip
P8060,payment_instrument
I7560,ip
P2040,payment_instrument
D8572,device
C0784,customer
C0075,customer
C0107,customer
D0772,device
I2061,ip
I2162,ip
D5730,device
I9520,ip
I0841,ip
I0158,ip
D1861,device
C0433,customer
I3511,ip
C0834,customer
D0980,device
P1221,payment_instrument
P9120,payment_instrument
D1761,device
I6140,ip
I0272,ip
I9171,ip
D0752,device
P9670,payment_instrument
I0551,ip
D7252,device
D9210,device
D5290,device
D3651,device
D4892,device
D6930,device
P6291,payment_instrument
D7722,device
I1630,ip
I1082,ip
D1790,device
P2880,payment_instrument
D5562,device
D9500,device
D4960,device
I5180,ip
C0840,customer
P2191,payment_instrument
C0760,customer
P8770,payment_instrument
D7520,device
D5541,device
P4610,payment_instrument
D8412,device
I5121,ip
D8122,device
I1611,ip
D7380,device
P4471,payment_instrument
P8950,payment_instrument
C0140,customer
P9261,payment_instrument
C0577,customer
I3340,ip
P1901,payment_instrument
I7102,ip
I8321,ip
C0676,customer
D7460,device
C0155,customer
I0231,ip
D0300,device
I8931,ip
I7222,ip
I8532,ip
I2940,ip
I8090,ip
P1001,payment_instrument
D2591,device
P0400,payment_instrument
I1031,ip
I7570,ip
D3980,device
P0500,payment_instrument
I3290,ip
C0892,customer
P9040,payment_instrument
I6690,ip
I8490,ip
I0722,ip
I7211,ip
D3020,device
D0440,device
C0277,customer
D6911,device
I9540,ip
I3170,ip
P9520,payment_instrument
P9921,payment_instrument
D7892,device
I1361,ip
D8860,device
C0428,customer
D1120,device
C0053,customer
I8241,ip
D6001,device
D6241,device
P3511,payment_instrument
I0199,ip
I3792,ip
P5751,payment_instrument
P2110,payment_instrument
D6552,device
I0027,ip
I1812,ip
P5760,payment_instrument
D6650,device
I7551,ip
P3550,payment_instrument
I2662,ip
D7282,device
I5710,ip
I9470,ip
I4110,ip
D0071,device
P1950,payment_instrument
P6660,payment_instrument
D1210,device
D2021,device
P4380,payment_instrument
C0900,customer
D2011,device
P5280,payment_instrument
P3450,payment_instrument
I7110,ip
P7500,payment_instrument
P9131,payment_instrument
I9460,ip
D4951,device
I8000,ip
I1471,ip
P9411,payment_instrument
P9300,payment_instrument
D8840,device
P9531,payment_instrument
D2341,device
P1560,payment_instrument
I3232,ip
P9870,payment_instrument
I7471,ip
C0660,customer
D4582,device
P3910,payment_instrument
I9461,ip
C0117,customer
D3991,device
C0439,customer
D3780,device
D2201,device
P4900,payment_instrument
C0363,customer
I1960,ip
I5860,ip
P7100,payment_instrument
I9080,ip
P2511,payment_instrument
P8280,payment_instrument
I5740,ip
I1971,ip
I2270,ip
C0436,customer
C0046,customer
D3790,device
D9441,device
D0532,device
P0920,payment_instrument
C0316,customer
I1620,ip
P2580,payment_instrument
I7850,ip
D1911,device
C0268,customer
P4390,payment_instrument
I10002,ip
I0020,ip
D3450,device
D7840,device
D4022,device
D4760,device
P0060,payment_instrument
D2211,device
P1920,payment_instrument
D8550,device
P8991,payment_instrument
I1771,ip
C0918,customer
I5130,ip
I7162,ip
P6561,payment_instrument
C0811,customer
D4350,device
D9010,device
D0240,device
D4831,device
P7790,payment_instrument
I6952,ip
D5920,device
I6150,ip
I8820,ip
D9280,device
I5021,ip
D8360,device
D4631,device
I5690,ip
D5150,device
I8230,ip
D9860,device
D9610,device
P3890,payment_instrument
D1221,device
P2751,payment_instrument
D6781,device
P7601,payment_instrument
P7990,payment_instrument
P8200,payment_instrument
D1141,device
P1550,payment_instrument
D9241,device
P8881,payment_instrument
I9841,ip
I5141,ip
D3360,device
P5010,payment_instrument
C0515,customer
D7121,device
P8850,payment_instrument
P6980,payment_instrument
P5720,payment_instrument
I1211,ip
P0221,payment_instrument
C0179,customer
I5150,ip
I0530,ip
D2440,device
C0337,customer
P4020,payment_instrument
C0192,customer
P3670,payment_instrument
I0470,ip
C0730,customer
C0034,customer
I2492,ip
C0592,customer
I2720,ip
P2950,payment_instrument
I6810,ip
D5790,device
D8870,device
D6720,device
I1151,ip
I7732,ip
P8220,payment_instrument
P6330,payment_instrument
C5004,customer
I4161,ip
D7640,device
C0063,customer
I9821,ip
P3651,payment_instrument
P9450,payment_instrument
C0751,customer
I7182,ip
P2440,payment_instrument
D9272,device
P4810,payment_instrument
I4512,ip
I2251,ip
I5640,ip
D8362,device
P3251,payment_instrument
C0521,customer
C0675,customer
D6480,device
C0947,customer
P4881,payment_instrument
I1721,ip
D8241,device
P4731,payment_instrument
I0941,ip
P5501,payment_instrument
C0269,customer
C0423,customer
I4180,ip
I4130,ip
D5402,device
P2811,payment_instrument
P1261,payment_instrument
D4430,device
P1120,payment_instrument
P8091,payment_instrument
D3031,device
D1521,device
C0097,customer
I8140,ip
I0024,ip
D7521,device
P6490,payment_instrument
I4431,ip
P2240,payment_instrument
I2381,ip
I7760,ip
D2832,device
D9180,device
P1130,payment_instrument
I0180,ip
I1171,ip
P7930,payment_instrument
P6051,payment_instrument
I1811,ip
D2150,device
C0061,customer
P3011,payment_instrument
I5681,ip
D6841,device
P9410,payment_instrument
D3510,device
C0109,customer
C0173,customer
I6410,ip
D0160,device
P9330,payment_instrument
I6121,ip
D3091,device
C0460,customer
P4981,payment_instrument
D7631,device
C0196,customer
P4620,payment_instrument
I6882,ip
D9451,device
P3380,payment_instrument
P4870,payment_instrument
P5260,payment_instrument
P1971,payment_instrument
P1781,payment_instrument
I2230,ip
I9300,ip
I9831,ip
D6852,device
P1951,payment_instrument
P0501,payment_instrument
C0573,customer
I7660,ip
I8800,ip
I5242,ip
P3091,payment_instrument
I6300,ip
C0788,customer
C7000,customer
C8004,customer
P2081,payment_instrument
C0637,customer
D4130,device
P4570,payment_instrument
I0182,ip
C0341,customer
D6560,device
I6920,ip
P3051,payment_instrument
D3170,device
P9781,payment_instrument
C0370,customer
C0594,customer
D4330,device
P5681,payment_instrument
C0088,customer
P9190,payment_instrument
I2971,ip
P3780,payment_instrument
D1622,device
I2080,ip
I7621,ip
D2881,device
D4260,device
C0447,customer
I6550,ip
D6230,device
C0457,customer
I5461,ip
D9152,device
I3541,ip
I0851,ip
D6301,device
P4940,payment_instrument
D7660,device
D5431,device
D2250,device
D8180,device
D4962,device
D9972,device
D2130,device
D9551,device
P7040,payment_instrument
C0217,customer
D4771,device
P9291,payment_instrument
P0020,payment_instrument
P2320,payment_instrument
P6460,payment_instrument
P9730,payment_instrument
C0301,customer
P1771,payment_instrument
P2171,payment_instrument
I2601,ip
D3150,device
D2630,device
D7071,device
I9131,ip
I2981,ip
D4781,device
P5530,payment_instrument
I5310,ip
D1340,device
D7622,device
I1450,ip
P4840,payment_instrument
D6690,device
I7451,ip
P9030,payment_instrument
D7401,device
P5060,payment_instrument
P7420,payment_instrument
P2661,payment_instrument
D6002,device
C0489,customer
C0736,customer
I4640,ip
I3181,ip
I1270,ip
D9700,device
I7251,ip
I9850,ip
C6011,customer
P1170,payment_instrument
I1590,ip
P1940,payment_instrument
I7501,ip
P7560,payment_instrument
P3610,payment_instrument
D3010,device
C0118,customer
D1660,device
P3170,payment_instrument
I6681,ip
C0160,customer
I3250,ip
I4930,ip
D5620,device
D2061,device
D8080,device
D1742,device
I0081,ip
I7631,ip
I3322,ip
C0254,customer
C0559,customer
D8730,device
P5490,payment_instrument
P2460,payment_instrument
D1810,device
I8920,ip
D5410,device
D6822,device
D1122,device
C0411,customer
P8441,payment_instrument
I2751,ip
C6000,customer
I0420,ip
D2910,device
D3432,device
I4810,ip
P7520,payment_instrument
I0520,ip
I7181,ip
D3632,device
D5590,device
I3001,ip
D3540,device
P6320,payment_instrument
I4681,ip
C0906,customer
C0937,customer
I1221,ip
D8462,device
D5230,device
I3961,ip
I5971,ip
D1640,device
D0670,device
I0105,ip
D6112,device
I2532,ip
P9141,payment_instrument
I5800,ip
P0550,payment_instrument
I1432,ip
P1230,payment_instrument
P2840,payment_instrument
P0111,payment_instrument
I9632,ip
P1101,payment_instrument
D9561,device
I8071,ip
P6781,payment_instrument
I0073,ip
P1930,payment_instrument
I0800,ip
P7890,payment_instrument
P9791,payment_instrument
D8110,device
C0891,customer
I2961,ip
P7701,payment_instrument
D3600,device
D5380,device
I5532,ip
P9790,payment_instrument
C0861,customer
C0742,customer
D5370,device
I2300,ip
I1772,ip
C0864,customer
D3472,device
D0791,device
P0730,payment_instrument
I0611,ip
P5200,payment_instrument
I3900,ip
D7261,device
P6151,payment_instrument
P1320,payment_instrument
D8161,device
P1540,payment_instrument
I7601,ip
I9691,ip
I5610,ip
P5271,payment_instrument
C0310,customer
D8831,device
I3480,ip
D8552,device
C0511,customer
C0583,customer
D4511,device
D7482,device
D1811,device
I6721,ip
D2770,device
D3872,device
D0391,device
D8830,device
I7371,ip
D5270,device
I7582,ip
P2050,payment_instrument
P2680,payment_instrument
C0095,customer
P1180,payment_instrument
I2581,ip
I9730,ip
C0044,customer
D1352,device
D1390,device
P3440,payment_instrument
P0790,payment_instrument
D0220,device
I1370,ip
I0057,ip
I2480,ip
I6980,ip
I2002,ip
P8701,payment_instrument
I7161,ip
C0003,customer
C0812,customer
P8691,payment_instrument
P1600,payment_instrument
D8862,device
I5802,ip
I8652,ip
P4040,payment_instrument
P6431,payment_instrument
P0621,payment_instrument
C0520,customer
P2781,payment_instrument
I3410,ip
I3910,ip
P5781,payment_instrument
D3532,device
D5652,device
D5601,device
C0472,customer
D6062,device
D5722,device
C0600,customer
I7722,ip
D4190,device
D5241,device
I2221,ip
D2900,device
I0491,ip
C0353,customer
I1511,ip
D2190,device
I2641,ip
C0162,customer
D1590,device
D2690,device
P5441,payment_instrument
I2521,ip
D5700,device
P7700,payment_instrument
D2780,device
C0653,customer
P2311,payment_instrument
I9890,ip
I6240,ip
P4080,payment_instrument
I0310,ip
I3030,ip
D9862,device
D5880,device
C0923,customer
P9891,payment_instrument
I4190,ip
I8320,ip
I7201,ip
P3490,payment_instrument
C0373,customer
C5006,customer
I1332,ip
I0881,ip
D7661,device
D6502,device
P4681,payment_instrument
C0476,customer
P6241,payment_instrument
D1311,device
P6150,payment_instrument
D8922,device
P6790,payment_instrument
I0372,ip
I2890,ip
D9141,device
C0444,customer
C0416,customer
P4460,payment_instrument
D4611,device
D1710,device
D3710,device
C0756,customer
P8910,payment_instrument
D8330,device
C0765,customer
P8221,payment_instrument
I4710,ip
P3160,payment_instrument
D9971,device
D5752,device
I7741,ip
D3452,device
P8420,payment_instrument
C0364,customer
D7190,device
I7791,ip
P2080,payment_instrument
P1580,payment_instrument
D1890,device
C0326,customer
P6050,payment_instrument
C0401,customer
D0030,device
P3860,payment_instrument
D4972,device
I0970,ip
P1131,payment_instrument
C0101,customer
C0256,customer
D2470,device
P2120,payment_instrument
D8101,device
P3881,payment_instrument
D9890,device
I8200,ip
I3202,ip
I9270,ip
D5291,device
P1231,payment_instrument
D7040,device
I5520,ip
P7191,payment_instrument
I4880,ip
P3800,payment_instrument
I6040,ip
C0915,customer
D2031,device
D6412,device
D9420,device
P7200,payment_instrument
I1311,ip
I8921,ip
P4160,payment_instrument
I9600,ip
I9330,ip
P2070,payment_instrument
P2381,payment_instrument
P3040,payment_instrument
C0880,customer
P1860,payment_instrument
P7730,payment_instrument
P2230,payment_instrument
D2411,device
D1050,device
D8410,device
P8041,payment_instrument
I2220,ip
I2651,ip
I0134,ip
P1280,payment_instrument
P9161,payment_instrument
P4660,payment_instrument
I0501,ip
D5781,device
D8322,device
P7350,payment_instrument
D5591,device
P6671,payment_instrument
I1941,ip
D1620,device
I2360,ip
D9931,device
P2331,payment_instrument
I9002,ip
I4801,ip
D3082,device
I5951,ip
D7590,device
P0900,payment_instrument
D4620,device
D9111,device
P3660,payment_instrument
C0307,customer
C0005,customer
I7172,ip
I5441,ip
I5272,ip
I6520,ip
I9051,ip
I8971,ip
D4530,device
D8411,device
I1090,ip
P4201,payment_instrument
P8570,payment_instrument
D5411,device
C0950,customer
P9740,payment_instrument
C0275,customer
C0697,customer
P4751,payment_instrument
P6420,payment_instrument
P6951,payment_instrument
P8301,payment_instrument
I7061,ip
D4720,device
D7981,device
D6270,device
D6090,device
C0776,customer
P2740,payment_instrument
P6720,payment_instrument
I0632,ip
D6731,device
D2970,device
P9820,payment_instrument
I4132,ip
C0704,customer
D5550,device
P2210,payment_instrument
I8460,ip
D5940,device
D5232,device
D7871,device
C0744,customer
P4801,payment_instrument
D9930,device
I0450,ip
P7530,payment_instrument
I0022,ip
I6231,ip
P8611,payment_instrument
I0920,ip
P1080,payment_instrument
D9871,device
I4540,ip
P0841,payment_instrument
P2470,payment_instrument
P3050,payment_instrument
P5591,payment_instrument
P0140,payment_instrument
P3200,payment_instrument
D7600,device
C0134,customer
I7480,ip
D5231,device
D4281,device
D3981,device
I0168,ip
I7091,ip
P6501,payment_instrument
D7880,device
D6100,device
D0302,device
D2380,device
P6550,payment_instrument
I6251,ip
D4740,device
C0271,customer
D5061,device
P4410,payment_instrument
P7591,payment_instrument
D8421,device
D9181,device
D3282,device
I6080,ip
D8670,device
P5780,payment_instrument
I1651,ip
P0580,payment_instrument
D1360,device
P2571,payment_instrument
I6161,ip
P4720,payment_instrument
P1581,payment_instrument
C0936,customer
D5532,device
D3470,device
D0090,device
I9191,ip
I1160,ip
P2250,payment_instrument
I5442,ip
I4350,ip
P5170,payment_instrument
D1201,device
C5005,customer
D1670,device
P8250,payment_instrument
D0720,device
I8371,ip
D9432,device
D7510,device
D9630,device
D3380,device
P9420,payment_instrument
D5012,device
D6671,device
I3670,ip
P7570,payment_instrument
I8530,ip
I5351,ip
D8721,device
D9011,device
C0629,customer
I7590,ip
I1192,ip
I8740,ip
I3621,ip
C0781,customer
I7870,ip
I0146,ip
P9660,payment_instrument
D3662,device
I4191,ip
D2540,device
I8940,ip
D8132,device
P4661,payment_instrument
P1921,payment_instrument
C0801,customer
C0911,customer
P2711,payment_instrument
P2860,payment_instrument
I3800,ip
D8020,device
D1280,device
P0310,payment_instrument
I0067,ip
P6630,payment_instrument
P7490,payment_instrument
D8442,device
P8720,payment_instrument
I0952,ip
P2620,payment_instrument
C0669,customer
D6082,device
D0901,device
C0519,customer
P8380,payment_instrument
D7180,device
I2690,ip
D2510,device
I8620,ip
P3201,payment_instrument
I7751,ip
C0441,customer
P9570,payment_instrument
C0984,customer
D2291,device
D3210,device
I8542,ip
C0633,customer
I6030,ip
I8990,ip
P5810,payment_instrument
D5650,device
I6012,ip
D0760,device
C0308,customer
D7850,device
I8030,ip
C0267,customer
I2432,ip
I3161,ip
I9041,ip
C0978,customer
I4040,ip
P1111,payment_instrument
P3870,payment_instrument
P7770,payment_instrument
D1901,device
I0640,ip
P4290,payment_instrument
I7840,ip
C0945,customer
C0531,customer
D5720,device
P0801,payment_instrument
P7330,payment_instrument
D4550,device
C0404,customer
D7012,device
I6870,ip
C0692,customer
D2650,device
D8260,device
I4311,ip
D7152,device
C0706,customer
D1921,device
C0062,customer
C0690,customer
D8842,device
D3890,device
P6220,payment_instrument
D7100,device
I5340,ip
P0850,payment_instrument
D0470,device
I1582,ip
P6580,payment_instrument
P5870,payment_instrument
D3061,device
P0540,payment_instrument
C0023,customer
I7981,ip
I5922,ip
P6861,payment_instrument
C0257,customer
P9310,payment_instrument
P5800,payment_instrument
P5960,payment_instrument
D1671,device
P1760,payment_instrument
P0420,payment_instrument
I7922,ip
P8170,payment_instrument
C0265,customer
P6780,payment_instrument
C0283,customer
I1911,ip
D6071,device
P4190,payment_instrument
I4332,ip
I7970,ip
D2851,device
D4490,device
D1202,device
I7540,ip
P6180,payment_instrument
C0011,customer
P8021,payment_instrument
D7982,device
P0860,payment_instrument
P0440,payment_instrument
P6510,payment_instrument
P1300,payment_instrument
I9932,ip
D3480,device
D3652,device
C0668,customer
P6520,payment_instrument
I3220,ip
D6120,device
I2240,ip
P8271,payment_instrument
D6050,device
I8251,ip
D7171,device
I0114,ip
C0672,customer
D4131,device
P5790,payment_instrument
C0537,customer
D7111,device
I6502,ip
C0688,customer
P5450,payment_instrument
P0050,payment_instrument
D2671,device
I5970,ip
D0031,device
P0070,payment_instrument
D3642,device
C0461,customer
D0261,device
C0237,customer
D6800,device
I2901,ip
P2870,payment_instrument
D6612,device
C0734,customer
P9611,payment_instrument
P5050,payment_instrument
D0861,device
I5210,ip
D5780,device
P1030,payment_instrument
D2102,device
C0115,customer
D2320,device
P7620,payment_instrument
I3601,ip
P4670,payment_instrument
I9420,ip
D1301,device
D7422,device
P9340,payment_instrument
I4101,ip
P8480,payment_instrument
C0165,customer
D5430,device
I3810,ip
I0330,ip
C0848,customer
D3571,device
C6006,customer
D5622,device
D3772,device
D7551,device
D4000,device
D8701,device
C0761,customer
D1420,device
D5681,device
C0137,customer
P3310,payment_instrument
I8630,ip
P1161,payment_instrument
D3730,device
D8681,device
P0590,payment_instrument
D1372,device
P2290,payment_instrument
P1351,payment_instrument
I2810,ip
D7610,device
I0090,ip
C0993,customer
C0997,customer
D0520,device
P1010,payment_instrument
C0123,customer
P7640,payment_instrument
I8840,ip
C0252,customer
I8431,ip
D4561,device
C0096,customer
D7120,device
C8001,customer
D9421,device
P3951,payment_instrument
I2811,ip
I4711,ip
C0226,customer
I0232,ip
I4001,ip
I1892,ip
D1651,device
P4311,payment_instrument
D1331,device
D5172,device
C0288,customer
I2870,ip
D2840,device
C0031,customer
P1731,payment_instrument
I8101,ip
C0102,customer
D2810,device
P0100,payment_instrument
P9710,payment_instrument
P3421,payment_instrument
C0392,customer
P9750,payment_instrument
P4011,payment_instrument
D2101,device
D8940,device
I7022,ip
D2611,device
D3130,device
D4222,device
P5770,payment_instrument
C0791,customer
D2812,device
D2632,device
C6004,customer
P5400,payment_instrument
D4121,device
D1002,device
D9290,device
I2700,ip
P5481,payment_instrument
P5311,payment_instrument
D7570,device
I1972,ip
P2690,payment_instrument
I4600,ip
C0682,customer
P1671,payment_instrument
I3790,ip
P9180,payment_instrument
D2621,device
I0135,ip
P7010,payment_instrument
D7070,device
C0914,customer
D8190,device
C0042,customer
I8380,ip
I9121,ip
I3780,ip
D3791,device
D1610,device
P1431,payment_instrument
I2021,ip
I8801,ip
C5008,customer
D9070,device
I6450,ip
D1411,device
D0751,device
D7740,device
P6070,payment_instrument
P6831,payment_instrument
P8540,payment_instrument
D7191,device
P3500,payment_instrument
C0670,customer
C0732,customer
I2882,ip
D3001,device
D1090,device
I2520,ip
I5110,ip
I2782,ip
P6391,payment_instrument
I4960,ip
I3160,ip
C0249,customer
C0719,customer
D8440,device
D5442,device
P5750,payment_instrument
I2500,ip
I5151,ip
I6230,ip
P8790,payment_instrument
P8020,payment_instrument
P7691,payment_instrument
D3260,device
P8470,payment_instrument
C0049,customer
D0641,device
P4270,payment_instrument
D3640,device
I5590,ip
P9741,payment_instrument
I6950,ip
D3800,device
I5700,ip
I1381,ip
P5971,payment_instrument
D0111,device
I0880,ip
P2001,payment_instrument
D9331,device
C0236,customer
I6800,ip
D3902,device
P9270,payment_instrument
D3850,device
C5002,customer
C0376,customer
I4380,ip
I1091,ip
I8571,ip
D2580,device
I9081,ip
I6742,ip
P6930,payment_instrument
I6370,ip
D8931,device
P1380,payment_instrument
D0900,device
D4040,device
I6412,ip
C0467,customer
D0522,device
D1121,device
I9180,ip
I1182,ip
D6842,device
I9552,ip
C0654,customer
D1101,device
D6280,device
D8240,device
P8350,payment_instrument
C0698,customer
C0375,customer
C0216,customer
D4122,device
C0335,customer
I7690,ip
D8231,device
D5000,device
I0360,ip
D8512,device
P6590,payment_instrument
D1181,device
I2190,ip
I9050,ip
I6630,ip
D3491,device
C0572,customer
D2321,device
D4340,device
D2060,device
I4291,ip
D3702,device
C0787,customer
I4940,ip
P3430,payment_instrument
P1040,payment_instrument
I8170,ip
D7420,device
D9032,device
D0650,device
P6650,payment_instrument
I9611,ip
D3650,device
P6950,payment_instrument
D2230,device
C0928,customer
I2701,ip
C0908,customer
I9370,ip
I1790,ip
P7550,payment_instrument
C0505,customer
I4800,ip
P4590,payment_instrument
P7470,payment_instrument
C6001,customer
P7321,payment_instrument
D2200,device
C0739,customer
D5571,device
C0959,customer
D0781,device
P3861,payment_instrument
D9850,device
P4530,payment_instrument
P2310,payment_instrument
D5301,device
I9590,ip
I6770,ip
C0453,customer
I0128,ip
I3691,ip
C0386,customer
C0885,customer
C0998,customer
D1312,device
I0065,ip
P3501,payment_instrument
D6131,device
I6932,ip
I0115,ip
I0183,ip
I0291,ip
P5020,payment_instrument
I1610,ip
D1260,device
D3521,device
I8880,ip
I6070,ip
I7591,ip
C0833,customer
D0872,device
D4540,device
D7411,device
D9991,device
D0451,device
I4301,ip
D5821,device
I5192,ip
D4782,device
D2691,device
P8121,payment_instrument
I6241,ip
D8632,device
I6930,ip
I0342,ip
C0816,customer
D9000,device
C0242,customer
I0282,ip
D8601,device
D4290,device
C0569,customer
P7001,payment_instrument
P9920,payment_instrument
D2141,device
D0540,device
D3460,device
P7341,payment_instrument
C0113,customer
C0483,customer
P9800,payment_instrument
D6360,device
D8631,device
P0081,payment_instrument
D6620,device
P9540,payment_instrument
P2990,payment_instrument
D2750,device
P8640,payment_instrument
P3041,payment_instrument
D1582,device
D1621,device
I7701,ip
I8032,ip
D5600,device
I9561,ip
D4900,device
C0585,customer
D0721,device
D4230,device
C0340,customer
D9961,device
D3161,device
D6940,device
D2400,device
P8260,payment_instrument
D0531,device
C0718,customer
P7201,payment_instrument
D7122,device
P3920,payment_instrument
D6762,device
D3830,device
C0859,customer
D2381,device
D6960,device
P6960,payment_instrument
D7321,device
C0261,customer
D5761,device
C0657,customer
D5950,device
P7011,payment_instrument
D7272,device
C0014,customer
C0157,customer
C0634,customer
I6540,ip
D6040,device
D8081,device
I9570,ip
D4030,device
I1011,ip
D8731,device
D6060,device
C0448,customer
D2260,device
I6281,ip
D2821,device
P7521,payment_instrument
C0868,customer
D9751,device
P7501,payment_instrument
C0302,customer
D6091,device
P6611,payment_instrument
C0819,customer
C0295,customer
I4160,ip
D9870,device
C0028,customer
I0185,ip
P9230,payment_instrument
D1691,device
P1240,payment_instrument
P7710,payment_instrument
P5380,payment_instrument
D2460,device
P2121,payment_instrument
D5551,device
C0108,customer
I8471,ip
C0645,customer
I7190,ip
D7681,device
I2800,ip
P6261,payment_instrument
I7810,ip
C0941,customer
D2642,device
D9270,device
C6007,customer
I6960,ip
I8281,ip
D2760,device
P2710,payment_instrument
I7510,ip
D7870,device
D9020,device
C0318,customer
I2092,ip
I7421,ip
I0131,ip
I4510,ip
D0790,device
D7370,device
D3070,device
C0293,customer
D9480,device
I0138,ip
P8040,payment_instrument
D7990,device
C0563,customer
D2610,device
I0220,ip
C0512,customer
I2180,ip
I2170,ip
P0651,payment_instrument
P5281,payment_instrument
D2862,device
P1000,payment_instrument
P7511,payment_instrument
D8781,device
I1891,ip
I8950,ip
D3851,device
I7381,ip
I9560,ip
C0342,customer
D5520,device
I2930,ip
D7351,device
P4010,payment_instrument
D3311,device
I1870,ip
D9820,device
D6200,device
I9530,ip
D5540,device
D8741,device
P8820,payment_instrument
D7652,device
D0571,device
P0930,payment_instrument
I4851,ip
D3071,device
P0911,payment_instrument
D7160,device
C0313,customer
C0899,customer
P5550,payment_instrument
C0412,customer
I6290,ip
I5300,ip
D6000,device
I2370,ip
I4140,ip
D6551,device
P8860,payment_instrument
P7380,payment_instrument
P0681,payment_instrument
I8900,ip
C0329,customer
D0930,device
I8690,ip
P3900,payment_instrument
I1220,ip
P6000,payment_instrument
D7410,device
I6390,ip
I9032,ip
D6132,device
P6380,payment_instrument
C0422,customer
C0818,customer
D9491,device
I8901,ip
I7120,ip
P9690,payment_instrument
D5930,device
I2140,ip
I8580,ip
C0015,customer
I8491,ip
D9071,device
D7781,device
C0163,customer
C0143,customer
I5341,ip
D3971,device
D0921,device
P1510,payment_instrument
C0544,customer
C0235,customer
C0203,customer
I0021,ip
C0517,customer
P8290,payment_instrument
C0145,customer
P1260,payment_instrument
I1131,ip
P0921,payment_instrument
D5070,device
I1662,ip
I0860,ip
I2781,ip
D0500,device
D9550,device
C0002,customer
P9720,payment_instrument
I1712,ip
I6320,ip
I4501,ip
P1720,payment_instrument
P8460,payment_instrument
D2941,device
P7000,payment_instrument
P4920,payment_instrument
P4641,payment_instrument
D8820,device
I8890,ip
C0886,customer
C0171,customer
C0904,customer
C0631,customer
I2421,ip
I3280,ip
I4691,ip
D9950,device
D3610,device
P1311,payment_instrument
I4251,ip
I4440,ip
C0054,customer
C0197,customer
I1840,ip
I5851,ip
D6900,device
D8950,device
D8560,device
P6760,payment_instrument
D2280,device
D8591,device
I5820,ip
P10000,payment_instrument
I7592,ip
P4071,payment_instrument
C0931,customer
P4031,payment_instrument
P5830,payment_instrument
C0040,customer
D1461,device
D0260,device
I1701,ip
C0025,customer
D5682,device
D5710,device
I3580,ip
C7007,customer
C0361,customer
I6211,ip
D7241,device
C0125,customer
P9931,payment_instrument
I4561,ip
P0770,payment_instrument
P6750,payment_instrument
D0771,device
C0874,customer
D7511,device
I0041,ip
P0161,payment_instrument
I2610,ip
D0511,device
D8640,device
P9671,payment_instrument
P3850,payment_instrument
P5000,payment_instrument
C0920,customer
P7131,payment_instrument
D8822,device
C8002,customer
C0180,customer
I0026,ip
D4800,device
D9771,device
P9071,payment_instrument
D2121,device
C0778,customer
P2560,payment_instrument
I1830,ip
C0381,customer
P1870,payment_instrument
D1000,device
I6940,ip
D0490,device
P7090,payment_instrument
P2380,payment_instrument
I4430,ip
P8760,payment_instrument
C0769,customer
I9411,ip
C0454,customer
P3401,payment_instrument
I0049,ip
P7190,payment_instrument
I8830,ip
I8930,ip
C0728,customer
D6461,device
P5421,payment_instrument
D1472,device
D4231,device
D8981,device
P5250,payment_instrument
P8471,payment_instrument
P6381,payment_instrument
I0831,ip
I6090,ip
D0890,device
I6472,ip
P4030,payment_instrument
I0050,ip
D8311,device
C0006,customer
C0149,customer
I0290,ip
P0840,payment_instrument
P7140,payment_instrument
D8900,device
I7550,ip
I2990,ip
P1840,payment_instrument
I0381,ip
D8700,device
D6072,device
I0064,ip
I0092,ip
P0151,payment_instrument
P8230,payment_instrument
C0150,customer
D7110,device
D0690,device
I5261,ip
C0935,customer
C0065,customer
I5801,ip
D5910,device
C0574,customer
I3532,ip
D0810,device
I7131,ip
C0141,customer
C0466,customer
I0106,ip
C0841,customer
D9731,device
P4470,payment_instrument
P8010,payment_instrument
P5371,payment_instrument
C0278,customer
D5660,device
I6580,ip
D6160,device
I6850,ip
C0058,customer
I7230,ip
P1900,payment_instrument
D9200,device
I7710,ip
I5480,ip
I9410,ip
P7210,payment_instrument
I2470,ip
D2050,device
C0209,customer
I6581,ip
D6700,device
D2740,device
I6361,ip
D1930,device
D8091,device
C0212,customer
P8130,payment_instrument
D1741,device
D9440,device
C0490,customer
C0793,customer
I5821,ip
P2670,payment_instrument
P1440,payment_instrument
I0003,ip
I0035,ip
D8812,device
P5370,payment_instrument
D9801,device
P3191,payment_instrument
I0074,ip
I3720,ip
I2461,ip
P5690,payment_instrument
I0010,ip
I8991,ip
C0424,customer
P2200,payment_instrument
D2210,device
P4501,payment_instrument
I0192,ip
D7320,device
D8120,device
P8390,payment_instrument
P9311,payment_instrument
D6980,device
D6260,device
P9621,payment_instrument
C0731,customer
C0262,customer
I3951,ip
P1140,payment_instrument
D2360,device
D2641,device
D8490,device
C0500,customer
I5241,ip
D3431,device
P9001,payment_instrument
C0488,customer
C0924,customer
C0037,customer
D4750,device
D6881,device
P5230,payment_instrument
D4852,device
D2441,device
I3270,ip
D2552,device
I3490,ip
P0240,payment_instrument
C0898,customer
I8600,ip
I3481,ip
I9291,ip
P6691,payment_instrument
C0835,customer
P8360,payment_instrument
D1481,device
I7290,ip
D7690,device
D9231,device
C6002,customer
D0750,device
D4161,device
D4901,device
C5003,customer
C0969,customer
D0061,device
C0988,customer
D7930,device
I5361,ip
I2580,ip
D5991,device
I3390,ip
C0872,customer
C0703,customer
P4280,payment_instrument
I1290,ip
I5240,ip
D2520,device
D3750,device
D7022,device
P6990,payment_instrument
I3811,ip
I5051,ip
D1990,device
D0911,device
P6290,payment_instrument
I4841,ip
I9441,ip
I0830,ip
I0901,ip
P2450,payment_instrument
I7620,ip
P4170,payment_instrument
C0281,customer
D5170,device
I6612,ip
C7002,customer
I8870,ip
D5560,device
I2650,ip
C0961,customer
D8651,device
I8370,ip
I3850,ip
D7381,device
P4300,payment_instrument
D5031,device
D3570,device
D7240,device
C0673,customer
I8232,ip
P4330,payment_instrument
P9000,payment_instrument
C0863,customer
I0601,ip
I1252,ip
C1000,customer
D2880,device
D9831,device
D3522,device
D2870,device
D0951,device
C0047,customer
P3291,payment_instrument
I4192,ip
I4461,ip
I2232,ip
P2940,payment_instrument
D0770,device
D7701,device
D8612,device
P5821,payment_instrument
C0907,customer
C0027,customer
D9190,device
P0570,payment_instrument
P1630,payment_instrument
P5201,payment_instrument
C0695,customer
D1212,device
C0652,customer
D0661,device
P3970,payment_instrument
P2390,payment_instrument
P6131,payment_instrument
I6672,ip
I0990,ip
D0550,device
C0431,customer
I2831,ip
D6710,device
C0043,customer
P1850,payment_instrument
C0851,customer
I6191,ip
D0632,device
D0860,device
I8802,ip
D9400,device
P4711,payment_instrument
I0962,ip
P0560,payment_instrument
D9221,device
D6201,device
I0371,ip
I8421,ip
P6361,payment_instrument
D3461,device
D3372,device
D2701,device
I2000,ip
P7340,payment_instrument
P8610,payment_instrument
C0917,customer
C0367,customer
I3342,ip
I1350,ip
I0460,ip
C0987,customer
I6122,ip
I8861,ip
P3830,payment_instrument
D4150,device
D8321,device
C0021,customer
D4090,device
D1630,device
P2610,payment_instrument
I6652,ip
I5430,ip
D0020,device
C0311,customer
I0098,ip
C0264,customer
D6830,device
P1740,payment_instrument
I1010,ip
D9140,device
D7680,device
D9490,device
P0521,payment_instrument
P0430,payment_instrument
P9090,payment_instrument
P1880,payment_instrument
C0889,customer
D2850,device
D1320,device
P2301,payment_instrument
I4041,ip
D6780,device
I2161,ip
I4850,ip
P3271,payment_instrument
D6541,device
P4860,payment_instrument
D5010,device
C0089,customer
I9642,ip
I8010,ip
D5421,device
D0091,device
I3722,ip
P6280,payment_instrument
I8340,ip
P7571,payment_instrument
C0495,customer
P3101,payment_instrument
I3710,ip
D4840,device
P6170,payment_instrument
I0174,ip
C0884,customer
D8480,device
I3752,ip
P9700,payment_instrument
C0748,customer
P7840,payment_instrument
I1310,ip
D3481,device
I9640,ip
P0460,payment_instrument
I10000,ip
D9160,device
I7971,ip
C0417,customer
I7240,ip
I4051,ip
I9830,ip
D6590,device
C0204,customer
D5932,device
I7311,ip
D1940,device
P2030,payment_instrument
C0304,customer
D0902,device
P7050,payment_instrument
I3400,ip
I6061,ip
I4220,ip
I9931,ip
D3341,device
I1030,ip
P4250,payment_instrument
P7401,payment_instrument
C0396,customer
P8111,payment_instrument
C0175,customer
D6740,device
I1321,ip
D9660,device
P2631,payment_instrument
C0752,customer
P9940,payment_instrument
P6210,payment_instrument
C0020,customer
D6522,device
I5741,ip
D9142,device
D8990,device
P6830,payment_instrument
P3400,payment_instrument
P2720,payment_instrument
D7811,device
I1970,ip
D8112,device
D5480,device
P6670,payment_instrument
I0481,ip
I2340,ip
P8780,payment_instrument
I8751,ip
P1700,payment_instrument
P0270,payment_instrument
D0380,device
I6271,ip
P2530,payment_instrument
D5110,device
I9750,ip
I0156,ip
D0580,device
P9290,payment_instrument
C0932,customer
C0493,customer
I2460,ip
D6691,device
P2220,payment_instrument
C0909,customer
D4221,device
D0042,device
D1151,device
D6991,device
I0891,ip
D1641,device
P6841,payment_instrument
D3060,device
C0223,customer
C0708,customer
I6740,ip
I9900,ip
I5991,ip
P8051,payment_instrument
I0140,ip
D2600,device
P2941,payment_instrument
I8851,ip
D9650,device
D2721,device
D2980,device
P9260,payment_instrument
D8761,device
P8690,payment_instrument
D4352,device
D6431,device
P5900,payment_instrument
P9530,payment_instrument
I9902,ip
P1511,payment_instrument
P4151,payment_instrument
C0068,customer
I5060,ip
D8011,device
I2151,ip
C0352,customer
P7361,payment_instrument
C0052,customer
I4170,ip
I5650,ip
I0391,ip
I7060,ip
D6271,device
D3661,device
I9970,ip
I7720,ip
I7881,ip
D3090,device
D4680,device
P1400,payment_instrument
D2330,device
D7300,device
P0461,payment_instrument
I0281,ip
I5231,ip
D8811,device
I8810,ip
P8100,payment_instrument
C0990,customer
P6211,payment_instrument
P3930,payment_instrument
D0312,device
D7360,device
C0510,customer
D9951,device
D5740,device
C0051,customer
D8760,device
I8441,ip
D0371,device
C0427,customer
P4850,payment_instrument
D6652,device
C0452,customer
D1891,device
P5510,payment_instrument
D9212,device
P3231,payment_instrument
I9952,ip
D3810,device
D7820,device
P9140,payment_instrument
D4461,device
D4240,device
D5611,device
I7641,ip
I6801,ip
C0274,customer
I4860,ip
I0038,ip
I4152,ip
D2181,device
D2590,device
C0319,customer
C0477,customer
I0862,ip
I0610,ip
D2040,device
D1680,device
C0839,customer
I4760,ip
P6741,payment_instrument
C0182,customer
P3130,payment_instrument
D5310,device
I2390,ip
I2342,ip
I1181,ip
I1152,ip
I8511,ip
I8732,ip
D6361,device
C0072,customer
D1380,device
D9051,device
D7671,device
D0651,device
I2320,ip
P7320,payment_instrument
P7860,payment_instrument
P3790,payment_instrument
C0545,customer
P3630,payment_instrument
C0837,customer
D4531,device
D1550,device
I1380,ip
P8090,payment_instrument
I1421,ip
P4780,payment_instrument
I7332,ip
P9440,payment_instrument
P6890,payment_instrument
I4270,ip
D2412,device
D6850,device
D9510,device
P8251,payment_instrument
I8510,ip
P5740,payment_instrument
C0333,customer
C0418,customer
I4100,ip
D8441,device
P1690,payment_instrument
D1912,device
D6732,device
D5071,device
I3870,ip
D6411,device
I0740,ip
D7450,device
P9110,payment_instrument
D3290,device
C0231,customer
D1720,device
C0579,customer
P3531,payment_instrument
D2842,device
I6530,ip
I9362,ip
D0331,device
D2711,device
D3120,device
D4950,device
P6400,payment_instrument
P0120,payment_instrument
C0601,customer
D8841,device
C0455,customer
D3931,device
D5770,device
C0509,customer
I5270,ip
P2111,payment_instrument
I3860,ip
P7510,payment_instrument
C0128,customer
I8440,ip
I0198,ip
I2530,ip
I7830,ip
C0938,customer
P1281,payment_instrument
D3310,device
P9250,payment_instrument
I7372,ip
I6570,ip
D6761,device
D0931,device
I7600,ip
D6820,device
I1092,ip
I0153,ip
I8910,ip
D8310,device
I2621,ip
D7780,device
D5961,device
I7010,ip
I5992,ip
D3881,device
D6371,device
P9560,payment_instrument
D9830,device
I5510,ip
P3700,payment_instrument
C0817,customer
C0258,customer
D0320,device
P2251,payment_instrument
I9761,ip
P7670,payment_instrument
D1700,device
P3510,payment_instrument
D2071,device
I1990,ip
I4740,ip
D5011,device
P0040,payment_instrument
I5790,ip
P0670,payment_instrument
I8210,ip
P1050,payment_instrument
I3960,ip
C0743,customer
C0030,customer
D1502,device
I2640,ip
D1370,device
D2551,device
D3370,device
D0040,device
D8200,device
I4331,ip
P2801,payment_instrument
D1172,device
I3300,ip
D7582,device
P5150,payment_instrument
D4351,device
P4050,payment_instrument
C0156,customer
D1071,device
C0324,customer
I9800,ip
I1720,ip
D9080,device
I9390,ip
D3430,device
I5140,ip
C0619,customer
I1900,ip
I7761,ip
D1972,device
I6951,ip
D9600,device
C0007,customer
P3140,payment_instrument
I3021,ip
P0740,payment_instrument
I3930,ip
P0610,payment_instrument
D3770,device
I4950,ip
D8570,device
D9980,device
D4650,device
I9742,ip
D1882,device
D0132,device
D8491,device
P5570,payment_instrument
D2300,device
P0760,payment_instrument
P7631,payment_instrument
D9990,device
P9980,payment_instrument
C0550,customer
D3110,device
I0710,ip
P6260,payment_instrument
I9780,ip
I2620,ip
P8931,payment_instrument
C0764,customer
C0813,customer
D7700,device
D2471,device
C0711,customer
I9511,ip
P9500,payment_instrument
P0870,payment_instrument
I5550,ip
I1441,ip
C0338,customer
C0648,customer
I1002,ip
C0243,customer
D1980,device
P8381,payment_instrument
P2640,payment_instrument
I3890,ip
D6510,device
D1332,device
P9880,payment_instrument
P7331,payment_instrument
C0233,customer
C0080,customer
D6860,device
D5762,device
D3831,device
I7400,ip
D2890,device
I2391,ip
D1601,device
D3251,device
P6570,payment_instrument
C0785,customer
C0946,customer
C0506,customer
P7980,payment_instrument
C0786,customer
I5780,ip
P3071,payment_instrument
I0154,ip
C0116,customer
I3080,ip
P7080,payment_instrument
D9711,device
I2110,ip
P3241,payment_instrument
I0023,ip
I6011,ip
I0200,ip
P0960,payment_instrument
D7522,device
C0083,customer
P9100,payment_instrument
D6951,device
I8881,ip
P1531,payment_instrument
D4012,device
C0955,customer
I3002,ip
D3220,device
P2591,payment_instrument
D3950,device
P3730,payment_instrument
D5581,device
P5190,payment_instrument
I6260,ip
I0013,ip
C0279,customer
C0679,customer
I4470,ip
C0729,customer
P7621,payment_instrument
P3681,payment_instrument
P0691,payment_instrument
P5111,payment_instrument
I4522,ip
I9992,ip
D2692,device
C0069,customer
D6410,device
I7292,ip
C0849,customer
P1890,payment_instrument
I7410,ip
D1130,device
D4701,device
I0320,ip
D7151,device
I7030,ip
C0687,customer
I0179,ip
I3620,ip
I2821,ip
D4070,device
I1501,ip
I8540,ip
I7231,ip
P9360,payment_instrument
D5921,device
D3920,device
P7871,payment_instrument
I2750,ip
D3882,device
D7580,device
I0086,ip
I8081,ip
P5990,payment_instrument
I4772,ip
D8500,device
C0944,customer
D3101,device
P1750,payment_instrument
C0536,customer
P2721,payment_instrument
P8911,payment_instrument
C0727,customer
P0601,payment_instrument
D7480,device
P8080,payment_instrument
C5009,customer
I0590,ip
C0847,customer
P5070,payment_instrument
P9020,payment_instrument
I5230,ip
I1210,ip
I8470,ip
I7672,ip
D4311,device
C0858,customer
I0157,ip
I8420,ip
D5100,device
I0144,ip
C0800,customer
D9531,device
C0297,customer
D7721,device
P4210,payment_instrument
I3130,ip
I5631,ip
P4611,payment_instrument
I6470,ip
D1962,device
I2121,ip
D5330,device
P4740,payment_instrument
D0080,device
D6950,device
P0030,payment_instrument
I5001,ip
D4562,device
P6440,payment_instrument
D8351,device
C0388,customer
C0348,customer
I4891,ip
D8320,device
P1480,payment_instrument
P2971,payment_instrument
I0510,ip
I6861,ip
I2510,ip
D2241,device
C0354,customer
I0560,ip
D0830,device
I4080,ip
C0986,customer
D1431,device
P6770,payment_instrument
C0763,customer
C0090,customer
C0036,customer
C0263,customer
I3750,ip
P9650,payment_instrument
P0680,payment_instrument
I1540,ip
C0780,customer
I4091,ip
P1481,payment_instrument
D3330,device
C0964,customer
I6490,ip
I7781,ip
P0591,payment_instrument
D2951,device
C0591,customer
D0450,device
D1381,device
D9471,device
D0681,device
C0168,customer
I0043,ip
I0930,ip
D5580,device
I0121,ip
I1081,ip
I4581,ip
I7860,ip
C0222,customer
P5940,payment_instrument
P9231,payment_instrument
C0406,customer
C0124,customer
D2560,device
D5240,device
I2590,ip
I3351,ip
P8120,payment_instrument
C0896,customer
I0072,ip
I5980,ip
P9321,payment_instrument
D1580,device
I9412,ip
D9790,device
P7941,payment_instrument
P7120,payment_instrument
D5022,device
I7152,ip
I1922,ip
C0557,customer
D2331,device
I5950,ip
C0814,customer
C0689,customer
D6462,device
D6672,device
C0260,customer
I0096,ip
D8861,device
D3530,device
C0910,customer
C0802,customer
P2351,payment_instrument
I9722,ip
I9331,ip
P6441,payment_instrument
C0901,customer
D9632,device
D5412,device
D2422,device
I6661,ip
I1530,ip
P6530,payment_instrument
I1340,ip
I5390,ip
D7761,device
I0071,ip
I1710,ip
I3391,ip
I5750,ip
P1341,payment_instrument
I4351,ip
P4140,payment_instrument
I3730,ip
P3280,payment_instrument
C0459,customer
P1650,payment_instrument
P7820,payment_instrument
C0875,customer
I7831,ip
I9000,ip
I0292,ip
D6591,device
P6931,payment_instrument
D1310,device
P9571,payment_instrument
I0069,ip
P2130,payment_instrument
P7680,payment_instrument
P4430,payment_instrument
D8930,device
P9900,payment_instrument
I4221,ip
P0390,payment_instrument
I9731,ip
P6601,payment_instrument
I3560,ip
I7092,ip
D9590,device
I8190,ip
P2410,payment_instrument
D9541,device
I5132,ip
I4852,ip
P0731,payment_instrument
P0200,payment_instrument
I3190,ip
D1541,device
P0910,payment_instrument
D1290,device
I0047,ip
I7331,ip
C0635,customer
C0741,customer
D8280,device
I8302,ip
C0775,customer
C0092,customer
C0120,customer
D5362,device
P8521,payment_instrument
I2970,ip
C0612,customer
I5551,ip
I7530,ip
C0122,customer
P6321,payment_instrument
D7512,device
I0300,ip
I0992,ip
D8471,device
C0470,customer
D1400,device
D1522,device
D0431,device
P8180,payment_instrument
P5301,payment_instrument
C0777,customer
I1980,ip
D5292,device
P6091,payment_instrument
D2410,device
P1211,payment_instrument
C0541,customer
D2450,device
C0185,customer
P7211,payment_instrument
I3610,ip
D2940,device
I1670,ip
I6311,ip
C0710,customer
P3581,payment_instrument
D6341,device
I3180,ip
C0656,customer
D3712,device
D3990,device
I8052,ip
D6622,device
D8131,device
P0261,payment_instrument
D5711,device
P8430,payment_instrument
D9540,device
D7770,device
I6660,ip
P4131,payment_instrument
D4630,device
P2650,payment_instrument
D0170,device
D2170,device
P7650,payment_instrument
P5840,payment_instrument
I8120,ip
D7490,device
D7790,device
D8530,device
D3032,device
D3701,device
D7350,device
I5621,ip
D7670,device
D8300,device
C0434,customer
P4890,payment_instrument
C0357,customer
C0387,customer
C0486,customer
I3500,ip
P0010,payment_instrument
D6521,device
C0195,customer
I6461,ip
P7810,payment_instrument
P6201,payment_instrument
D2051,device
C0355,customer
I1792,ip
D1160,device
I1791,ip
I0108,ip
D1822,device
P9590,payment_instrument
I7960,ip
C0604,customer
C0372,customer
I6842,ip
I2630,ip
I9930,ip
D2971,device
I4151,ip
D9151,device
I3571,ip
C0213,customer
P0350,payment_instrument
D1880,device
P0121,payment_instrument
D1602,device
I4102,ip
I2740,ip
C0451,customer
D3740,device
D8810,device
C0789,customer
P0411,payment_instrument
I9870,ip
D0622,device
P1390,payment_instrument
P8970,payment_instrument
I0832,ip
P3110,payment_instrument
C0429,customer
C0238,customer
C0830,customer
I5022,ip
D9562,device
P1500,payment_instrument
C0989,customer
I2422,ip
I2372,ip
I8531,ip
I1460,ip
P7360,payment_instrument
C0400,customer
D6140,device
I5691,ip
D5340,device
P9721,payment_instrument
P5861,payment_instrument
D5561,device
I5671,ip
D7031,device
P0241,payment_instrument
I0480,ip
I0078,ip
D9281,device
D0041,device
I4791,ip
I6531,ip
D3000,device
I5490,ip
I7191,ip
C0709,customer
D3921,device
D0311,device
P4320,payment_instrument
C0398,customer
P4260,payment_instrument
I9512,ip
P4450,payment_instrument
I1390,ip
I1681,ip
D2620,device
D4051,device
D0310,device
P6740,payment_instrument
D2062,device
I8720,ip
D8792,device
D3970,device
I2060,ip
I4022,ip
P5671,payment_instrument
C0041,customer
P0190,payment_instrument
P3441,payment_instrument
C6009,customer
P6040,payment_instrument
I6931,ip
P0750,payment_instrument
D7800,device
C0350,customer
I1360,ip
D4891,device
D2351,device
C0186,customer
C0290,customer
D4020,device
I7842,ip
P6031,payment_instrument
C0300,customer
D9842,device
I8480,ip
C0503,customer
C0578,customer
D4940,device
P2291,payment_instrument
I6071,ip
C0012,customer
P6810,payment_instrument
C0722,customer
C0530,customer
D7021,device
C0022,customer
D5242,device
D4730,device
D3621,device
D9770,device
I9340,ip
I4870,ip
C0853,customer
I0980,ip
I4210,ip
D2240,device
D2661,device
D3390,device
P8590,payment_instrument
I0162,ip
P6410,payment_instrument
I3462,ip
D9232,device
D0711,device
I1180,ip
C0827,customer
C0432,customer
I1080,ip
C0408,customer
I1921,ip
C0606,customer
I1861,ip
P0990,payment_instrument
C0055,customer
P0800,payment_instrument
I3321,ip
P0940,payment_instrument
C0421,customer
I4341,ip
D3590,device
I0750,ip
D7030,device
C0463,customer
C0018,customer
I4150,ip
I7130,ip
D7050,device
I2050,ip
I6141,ip
C0076,customer
C0746,customer
I2330,ip
D0390,device
P3301,payment_instrument
P0130,payment_instrument
I8882,ip
I5840,ip
D5202,device
C0795,customer
D8150,device
P1810,payment_instrument
D9330,device
I0167,ip
D5741,device
I9840,ip
C0630,customer
I9751,ip
D9560,device
D2490,device
I0147,ip
P7750,payment_instrument
I3211,ip
C0966,customer
D0960,device
I2980,ip
I9982,ip
I4002,ip
D0152,device
C0962,customer
D9050,device
P9220,payment_instrument
P6120,payment_instrument
P5001,payment_instrument
I0781,ip
I1601,ip
D1800,device
D8060,device
D2001,device
I8220,ip
D1140,device
D1892,device
D6210,device
D8090,device
C0469,customer
C0198,customer
D3211,device
P5081,payment_instrument
D8431,device
C0782,customer
P3571,payment_instrument
D0841,device
I3061,ip
C0639,customer
I4650,ip
I7691,ip
I6110,ip
C0214,customer
C0686,customer
D9580,device
C0026,customer
I0132,ip
D0560,device
P4830,payment_instrument
I6440,ip
D1970,device
P5631,payment_instrument
P2451,payment_instrument
D7481,device
C0464,customer
I8060,ip
D2720,device
C0139,customer
P8330,payment_instrument
D1712,device
I2982,ip
D1731,device
I9030,ip
D0652,device
D7250,device
D9060,device
I9721,ip
P5401,payment_instrument
I1580,ip
D3801,device
I2130,ip
P8310,payment_instrument
C0641,customer
I2031,ip
P0150,payment_instrument
I2100,ip
P4980,payment_instrument
I5702,ip
C0365,customer
D0820,device
I0801,ip
P0830,payment_instrument
I3291,ip
I9490,ip
P2630,payment_instrument
D6660,device
P3841,payment_instrument
D2100,device
D3181,device
I1740,ip
P3120,payment_instrument
P6690,payment_instrument
I5952,ip
D6571,device
D4200,device
I5260,ip
D1961,device
P6900,payment_instrument
C0314,customer
P6130,payment_instrument
P3350,payment_instrument
D8611,device
I5161,ip
D8111,device
D0420,device
I3470,ip
C0705,customer
D2041,device
P4861,payment_instrument
I8790,ip
D1740,device
I3971,ip
P3031,payment_instrument
C0856,customer
C0110,customer
D9021,device
D9360,device
D1960,device
I9152,ip
P2700,payment_instrument
I0241,ip
I8020,ip
I7461,ip
I0012,ip
P1491,payment_instrument
D8082,device
P3410,payment_instrument
D3342,device
C0575,customer
C0586,customer
I4260,ip
C0948,customer
P5630,payment_instrument
P7630,payment_instrument
P2920,payment_instrument
P4161,payment_instrument
P5540,payment_instrument
P3360,payment_instrument
I1541,ip
P5851,payment_instrument
P2981,payment_instrument
I9001,ip
I7581,ip
I4771,ip
D8000,device
P7531,payment_instrument
I9192,ip
P7150,payment_instrument
D3700,device
D9090,device
C0767,customer
D2680,device
P5360,payment_instrument
C0916,customer
D2401,device
I2550,ip
I4460,ip
D6470,device
I2070,ip
C0539,customer
C0724,customer
C0554,customer
P0660,payment_instrument
P3390,payment_instrument
P3010,payment_instrument
D7502,device
I0541,ip
I6552,ip
I1012,ip
D6381,device
I7670,ip
P9371,payment_instrument
I4011,ip
P2281,payment_instrument
P0980,payment_instrument
D6821,device
I2420,ip
D2270,device
C0345,customer
P8791,payment_instrument
D1730,device
I2850,ip
D0602,device
C0379,customer
C6005,customer
P1811,payment_instrument
I0882,ip
I1020,ip
P6571,payment_instrument
I0840,ip
C0344,customer
I9311,ip
D5500,device
C0733,customer
P5560,payment_instrument
I5470,ip
I9242,ip
C0603,customer
C0328,customer
I4990,ip
I9881,ip
P6010,payment_instrument
D8181,device
P6110,payment_instrument
C0532,customer
D1070,device
P4760,payment_instrument
D5640,device
I5870,ip
P6370,payment_instrument
P8201,payment_instrument
D8380,device
D5980,device
P8240,payment_instrument
P3180,payment_instrument
D6451,device
D1480,device
D7170,device
D6180,device
I1680,ip
D0521,device
D4271,device
P4770,payment_instrument
I7901,ip
I1520,ip
D9110,device
P5731,payment_instrument
P7661,payment_instrument
I8160,ip
D9760,device
D6110,device
C6003,customer
I3700,ip
C0176,customer
P9981,payment_instrument
P3980,payment_instrument
I6321,ip
D9651,device
I0670,ip
D3542,device
I0602,ip
I5012,ip
P5240,payment_instrument
P2550,payment_instrument
I8660,ip
I0571,ip
I8951,ip
D9282,device
I9740,ip
I7100,ip
C0220,customer
I3660,ip
C5000,customer
D7550,device
I6910,ip
I5070,ip
C0723,customer
P6121,payment_instrument
P6820,payment_instrument
D8590,device
D4471,device
D9821,device
I0110,ip
D8680,device
I4290,ip
P4761,payment_instrument
C0349,customer
I1741,ip
I7640,ip
C0836,customer
D8211,device
P0780,payment_instrument
I2512,ip
P0260,payment_instrument
C0336,customer
I6430,ip
P8581,payment_instrument
D5672,device
P8181,payment_instrument
I1172,ip
I7070,ip
I3972,ip
P7110,payment_instrument
I9602,ip
I7310,ip
D8791,device
D0050,device
D9430,device
C0952,customer
P9390,payment_instrument
I4370,ip
I3731,ip
D4060,device
P1150,payment_instrument
D5970,device
C0798,customer
C0492,customer
D2352,device
D0910,device
I2881,ip
P0410,payment_instrument
C0803,customer
C0479,customer
I6560,ip
I9620,ip
I1480,ip
I7391,ip
P1970,payment_instrument
D9542,device
P8500,payment_instrument
C0346,customer
C0516,customer
D3541,device
D7911,device
I2570,ip
D2421,device
P4700,payment_instrument
P1071,payment_instrument
C0562,customer
I7101,ip
D6592,device
I3252,ip
P4000,payment_instrument
I5190,ip
D8920,device
I0044,ip
I2380,ip
I3612,ip
I1410,ip
P0210,payment_instrument
D1041,device
D4830,device
I5401,ip
C0810,customer
I3320,ip
P9010,payment_instrument
P7580,payment_instrument
D5391,device
C0971,customer
C0276,customer
D4360,device
P9580,payment_instrument
P7830,payment_instrument
C0762,customer
D0471,device
C0943,customer
I1371,ip
D1131,device
D9631,device
I0190,ip
I8291,ip
D6421,device
D3200,device
I4452,ip
D5751,device
D0230,device
P0290,payment_instrument
I2871,ip
I0540,ip
I9571,ip
D7842,device
P3411,payment_instrument
I9301,ip
D4432,device
D2911,device
I4820,ip
I9011,ip
D3531,device
I8760,ip
I4921,ip
I6710,ip
I3341,ip
I5871,ip
D1562,device
I4131,ip
D8170,device
I5810,ip
D4480,device
I8070,ip
D8371,device
P3520,payment_instrument
P3761,payment_instrument
I3531,ip
P1661,payment_instrument
I8610,ip
P4350,payment_instrument
D7951,device
C0247,customer
I4761,ip
D9492,device
I9182,ip
P3081,payment_instrument
D0510,device
P7260,payment_instrument
D2710,device
P7900,payment_instrument
D0441,device
I7740,ip
D9832,device
C0844,customer
P3561,payment_instrument
C0671,customer
C0680,customer
I2741,ip
D1040,device
C0522,customer
D5401,device
I1581,ip
P6850,payment_instrument
P4910,payment_instrument
I4420,ip
C0621,customer
I5330,ip
D5860,device
I3840,ip
I8671,ip
I2120,ip
I6751,ip
D2182,device
C0658,customer
P0820,payment_instrument
D9811,device
P9830,payment_instrument
I6501,ip
I0502,ip
I6210,ip
C0347,customer
C0628,customer
I1711,ip
P1751,payment_instrument
D0852,device
P8031,payment_instrument
P7030,payment_instrument
D4921,device
P1340,payment_instrument
D5890,device
P9810,payment_instrument
C0867,customer
P6811,payment_instrument
C0487,customer
D0271,device
I4060,ip
C0974,customer
I2540,ip
I0230,ip
P1090,payment_instrument
I0070,ip
P2420,payment_instrument
I9562,ip
I8062,ip
I5400,ip
P9751,payment_instrument
I2830,ip
C0445,customer
D9501,device
D1460,device
C6008,customer
I5471,ip
C0919,customer
D1072,device
I5781,ip
I6500,ip
I8891,ip
D4811,device
D5200,device
P8331,payment_instrument
P7421,payment_instrument
P6851,payment_instrument
C0016,customer
P5330,payment_instrument
P3570,payment_instrument
D6450,device
I3301,ip
P4230,payment_instrument
I4530,ip
P5880,payment_instrument
D7630,device
C0771,customer
D5381,device
I3440,ip
I4121,ip
I9310,ip
P1780,payment_instrument
I1920,ip
C0681,customer
D1161,device
I2490,ip
P4070,payment_instrument
I0032,ip
D1701,device
D4810,device
D2530,device
P9910,payment_instrument
P6730,payment_instrument
D4081,device
D7230,device
I0006,ip
D3870,device
I3990,ip
I4352,ip
I3630,ip
D4961,device
C0992,customer
P9761,payment_instrument
I1490,ip
C0566,customer
P2931,payment_instrument
D7072,device
D4470,device
I3721,ip
C0625,customer
P8631,payment_instrument
I6020,ip
I5570,ip
I4590,ip
C0478,customer
P5610,payment_instrument
I9572,ip
D9762,device
C0004,customer
D5552,device
I9430,ip
D9332,device
D7931,device
P1250,payment_instrument
D3930,device
D9320,device
I9181,ip
I4670,ip
D5470,device
P3810,payment_instrument
D9602,device
D3960,device
D9661,device
I7610,ip
C0831,customer
D7060,device
C0232,customer
P1651,payment_instrument
I8050,ip
I2450,ip
C0792,customer
D4991,device
P3750,payment_instrument
I4261,ip
D9752,device
C0032,customer
I8271,ip
I1821,ip
I4790,ip
P6940,payment_instrument
I7820,ip
I2311,ip
P6090,payment_instrument
I6841,ip
P3640,payment_instrument
D4890,device
I4732,ip
P4710,payment_instrument
P9780,payment_instrument
D1750,device
P0110,payment_instrument
I6830,ip
I5530,ip
I1600,ip
P6310,payment_instrument
I0850,ip
I3450,ip
C0717,customer
I1531,ip
D7010,device
D9970,device
D8880,device
P4560,payment_instrument
C0334,customer
C0172,customer
I0680,ip
I2290,ip
C0285,customer
D1200,device
D2340,device
I3140,ip
I5742,ip
I5531,ip
D0530,device
D0740,device
D8100,device
D0620,device
I5811,ip
P6480,payment_instrument
P8810,payment_instrument
I5171,ip
P1830,payment_instrument
P3100,payment_instrument
D6880,device
I5830,ip
I2011,ip
D0060,device
I2012,ip
P7690,payment_instrument
D6022,device
C0857,customer
C0576,customer
P8550,payment_instrument
D0600,device
D5661,device
P6390,payment_instrument
D9311,device
I2201,ip
C0481,customer
D0010,device
P1761,payment_instrument
D1910,device
P3771,payment_instrument
C0184,customer
P7251,payment_instrument
I2431,ip
I9791,ip
D2242,device
D1950,device
P1421,payment_instrument
D4860,device
D5531,device
C0683,customer
P1251,payment_instrument
P9080,payment_instrument
P3791,payment_instrument
D9431,device
D0210,device
P9600,payment_instrument
P7460,payment_instrument
P3321,payment_instrument
C0084,customer
C0655,customer
P5030,payment_instrument
I8381,ip
D9391,device
P2010,payment_instrument
P9950,payment_instrument
P5730,payment_instrument
C0602,customer
I0942,ip
D4420,device
P7390,payment_instrument
C0244,customer
I8401,ip
D6530,device
P6270,payment_instrument
I1730,ip
P4440,payment_instrument
I5250,ip
D9530,device
C0850,customer
D1540,device
D1511,device
I4362,ip
I3310,ip
P3470,payment_instrument
D4580,device
D8291,device
I2941,ip
D3580,device
D7270,device
D0460,device
P0370,payment_instrument
D0350,device
D5141,device
D9041,device
D1102,device
C0596,customer
I1170,ip
D4700,device
P9551,payment_instrument
C0205,customer
I4390,ip
P7660,payment_instrument
I6821,ip
D1180,device
I3872,ip
P4880,payment_instrument
P9201,payment_instrument
D0360,device
I2812,ip
P5620,payment_instrument
C0287,customer
D8182,device
I0175,ip
D2430,device
D4820,device
I0490,ip
P9160,payment_instrument
D8401,device
I4391,ip
I0210,ip
P3641,payment_instrument
I4731,ip
I4500,ip
I7730,ip
D1561,device
P8171,payment_instrument
P8840,payment_instrument
I9222,ip
D9810,device
I8670,ip
C0590,customer
D9091,device
I6201,ip
I7430,ip
P2780,payment_instrument
D6392,device
D2681,device
D9921,device
D7140,device
C0973,customer
I4401,ip
I4781,ip
D1570,device
D6730,device
D8270,device
D8001,device
D5280,device
I2710,ip
P8940,payment_instrument
C0845,customer
P5040,payment_instrument
P7540,payment_instrument
P7410,payment_instrument
D8711,device
P5520,payment_instrument
D7540,device
I4741,ip
D8510,device
D5881,device
P7240,payment_instrument
D1471,device
D2500,device
P5470,payment_instrument
D1760,device
P0180,payment_instrument
D4031,device
D9150,device
C7003,customer
I5731,ip
I0701,ip
P8070,payment_instrument
P3560,payment_instrument
P2820,payment_instrument
C0029,customer
P4901,payment_instrument
P9130,payment_instrument
P9970,payment_instrument
P6250,payment_instrument
D3301,device
I5200,ip
D9410,device
P4690,payment_instrument
D4080,device
I9601,ip
P8730,payment_instrument
P8320,payment_instrument
P8081,payment_instrument
D7971,device
I3420,ip
D5190,device
D4742,device
C0045,customer
I9090,ip
P8680,payment_instrument
D4910,device
P7720,payment_instrument
P4200,payment_instrument
I7500,ip
P1200,payment_instrument
D1330,device
P4781,payment_instrument
D4301,device
I6671,ip
I5181,ip
D9761,device
I5010,ip
I9960,ip
C0921,customer
P7300,payment_instrument
I9450,ip
D0480,device
D2231,device
I0122,ip
D6430,device
D9662,device
C0159,customer
I3090,ip
I5760,ip
P1100,payment_instrument
P9840,payment_instrument
I2761,ip
C0525,customer
P1011,payment_instrument
D5830,device
I0260,ip
I8750,ip
C0259,customer
D7890,device
P1990,payment_instrument
D8980,device
P6981,payment_instrument
I7780,ip
I7250,ip
C0684,customer
I4651,ip
D0640,device
C0663,customer
C0056,customer
C0957,customer
C0057,customer
I1550,ip
D1250,device
I2841,ip
C0446,customer
P5090,payment_instrument
C0632,customer
C0228,customer
I8430,ip
D0120,device
P6970,payment_instrument
D1410,device
I5162,ip
I6510,ip
D0401,device
P8351,payment_instrument
I4571,ip
I1040,ip
C0535,customer
I3952,ip
P8830,payment_instrument
D9640,device
D4320,device
C0152,customer
D3102,device
D1091,device
I9381,ip
D4141,device
D2371,device
P4370,payment_instrument
D3620,device
D7441,device
I5880,ip
D8430,device
C0066,customer
D6790,device
I9320,ip
I9492,ip
D1270,device
C7001,customer
P5480,payment_instrument
C0201,customer
C0588,customer
D0180,device
I6310,ip
D2831,device
D5080,device
D0410,device
D9042,device
P4481,payment_instrument
D0811,device
D9350,device
I0045,ip
D4180,device
I4890,ip
I1560,ip
I0370,ip
I4971,ip
P3710,payment_instrument
I7340,ip
D5390,device
I8150,ip
P3210,payment_instrument
P8960,payment_instrument
I7681,ip
C0768,customer
P6230,payment_instrument
P1710,payment_instrument
D0542,device
P4120,payment_instrument
P5420,payment_instrument
P1391,payment_instrument
P1960,payment_instrument
D8630,device
D2811,device
D9900,device
P6531,payment_instrument
I2562,ip
I4570,ip
D3900,device
I4280,ip
D2790,device
I6640,ip
I6641,ip
I0142,ip
C0994,customer
I5312,ip
D9240,device
D1520,device
C0343,customer
P2901,payment_instrument
D7791,device
D1491,device
I9882,ip
P2890,payment_instrument
I8601,ip
C0925,customer
C0796,customer
P2500,payment_instrument
I6791,ip
P4340,payment_instrument
P5431,payment_instrument
P1520,payment_instrument
I2891,ip
C0860,customer
D5251,device
D7000,device
D1512,device
D8921,device
I6890,ip
P1460,payment_instrument
P3240,payment_instrument
P1490,payment_instrument
I1760,ip
D2861,device
C0587,customer
P3090,payment_instrument
P5980,payment_instrument
I0136,ip
D7501,device
I0008,ip
C0976,customer
P6020,payment_instrument
D4690,device
D7900,device
P4060,payment_instrument
D4460,device
C0666,customer
D6390,device
P7870,payment_instrument
D8960,device
P4101,payment_instrument
D0801,device
P4730,payment_instrument
C0561,customer
I8021,ip
D1470,device
P4990,payment_instrument
C0608,customer
I0820,ip
D5871,device
C0667,customer
C0659,customer
C0968,customer
I8892,ip
I0762,ip
I5120,ip
P5231,payment_instrument
C0643,customer
I0660,ip
I7542,ip
P6141,payment_instrument
P4790,payment_instrument
P5680,payment_instrument
D6070,device
I0127,ip
I9202,ip
C0360,customer
D4772,device
I5600,ip
I8981,ip
I0089,ip
P9170,payment_instrument
I8730,ip
I0790,ip
P6140,payment_instrument
C5001,customer
P7270,payment_instrument
C0240,customer
D8971,device
I1260,ip
D2570,device
D4050,device
P9060,payment_instrument
I6480,ip
I6941,ip
I6750,ip
P9050,payment_instrument
D0151,device
I8701,ip
C0982,customer
D5701,device
I9101,ip
D3160,device
P6541,payment_instrument
I6190,ip
C0270,customer
P2520,payment_instrument
I1230,ip
C0593,customer
P8930,payment_instrument
D2670,device
C0567,customer
D4532,device
P2270,payment_instrument
P2180,payment_instrument
P8160,payment_instrument
D8350,device
D8541,device
P0631,payment_instrument
D4521,device
D3420,device
I6181,ip
D9910,device
I4451,ip
C0664,customer
I2801,ip
I5170,ip
C0138,customer
P4540,payment_instrument
P6350,payment_instrument
I6351,ip
I0113,ip
P2060,payment_instrument
D9370,device
C0299,customer
C0926,customer
P6341,payment_instrument
I0009,ip
D8121,device
D6831,device
D8472,device
P1411,payment_instrument
C0846,customer
D10000,device
D2672,device
P9011,payment_instrument
D5400,device
P5290,payment_instrument
D8710,device
I0170,ip
I9670,ip
D9732,device
P9350,payment_instrument
I8481,ip
C0146,customer
P3261,payment_instrument
I3841,ip
D6770,device
D4440,device
C0620,customer
I5392,ip
D6170,device
C0825,customer
D3500,device
D6130,device
C0482,customer
D0121,device
I5090,ip
C0878,customer
D7710,device
P5651,payment_instrument
C0753,customer
C0599,customer
I1461,ip
P1610,payment_instrument
I0124,ip
I3740,ip
I5630,ip
P4891,payment_instrument
D9382,device
I9440,ip
C0071,customer
P7351,payment_instrument
I2410,ip
P8990,payment_instrument
D4270,device
P2150,payment_instrument
P0320,payment_instrument
D4110,device
D5760,device
C0048,customer
I7612,ip
P0630,payment_instrument
D9341,device
D9532,device
P0640,payment_instrument
I8301,ip
I4900,ip
P1410,payment_instrument
I4000,ip
I5450,ip
P0061,payment_instrument
I2030,ip
I7241,ip
D8050,device
P4130,payment_instrument
I1291,ip
C0480,customer
I6160,ip
D7331,device
D5351,device
P9890,payment_instrument
D0280,device
D8202,device
I3482,ip
D2420,device
I6050,ip
D9040,device
D2761,device
C0320,customer
D6382,device
P9971,payment_instrument
D6941,device
D9130,device
I1890,ip
D6080,device
P5860,payment_instrument
I6600,ip
P3000,payment_instrument
I6760,ip
C0895,customer
D9371,device
P0781,payment_instrument
C0382,customer
D8460,device
I5220,ip
D4981,device
C0082,customer
P9881,payment_instrument
I8432,ip
I4330,ip
I3520,ip
I4690,ip
I6532,ip
I0741,ip
P8431,payment_instrument
P4461,payment_instrument
I9111,ip
D2972,device
I7541,ip
D3441,device
P0620,payment_instrument
I2091,ip
D9680,device
C0940,customer
I0177,ip
D4581,device
P5440,payment_instrument
I0118,ip
P4181,payment_instrument
I9200,ip
I9230,ip
I3251,ip
P3891,payment_instrument
I0195,ip
P6610,payment_instrument
P7950,payment_instrument
I4521,ip
P7370,payment_instrument
D8451,device
C0823,customer
P6821,payment_instrument
D5311,device
C0605,customer
D3261,device
P7021,payment_instrument
D1450,device
P7961,payment_instrument
I5370,ip
I5620,ip
P9380,payment_instrument
I6010,ip
I0019,ip
I9241,ip
I5352,ip
I5011,ip
P8560,payment_instrument
D3410,device
I6420,ip
I0760,ip
P9150,payment_instrument
P2510,payment_instrument
C0642,customer
D2822,device
I5940,ip
D5090,device
D3050,device
P8981,payment_instrument
D1860,device
P6071,payment_instrument
C0804,customer
C0462,customer
P9811,payment_instrument
I4551,ip
C0623,customer
P2910,payment_instrument
I6670,ip
D3471,device
I9550,ip
C0001,customer
D1110,device
D9881,device
D3560,device
I6901,ip
I2760,ip
D0870,device
D4120,device
I1320,ip
C0298,customer
D2030,device
P5561,payment_instrument
D7771,device
D4610,device
C0597,customer
I0581,ip
D7920,device
D5820,device
D9690,device
I3050,ip
I9260,ip
D7561,device
I4112,ip
C0491,customer
P4400,payment_instrument
C0691,customer
I0028,ip
P6470,payment_instrument
P3121,payment_instrument
D7712,device
P2330,payment_instrument
I7002,ip
I3901,ip
I5720,ip
D7810,device
C0303,customer
I9150,ip
I8082,ip
I1770,ip
P8980,payment_instrument
P4251,payment_instrument
D7310,device
P8000,payment_instrument
I0036,ip
P1301,payment_instrument
C0374,customer
D1440,device
D0072,device
C0498,customer
I9100,ip
C0879,customer
D6890,device
I1302,ip
I2200,ip
P4141,payment_instrument
P1360,payment_instrument
C0524,customer
D5020,device
D1111,device
D3080,device
I9250,ip
D5260,device
C0425,customer
D2800,device
D5670,device
C0161,customer
D9322,device
D8600,device
P2300,payment_instrument
I3040,ip
D2140,device
I6111,ip
I0561,ip
D5841,device
D2080,device
D7861,device
P4510,payment_instrument
P8450,payment_instrument
P9511,payment_instrument
C0221,customer
I4770,ip
C0332,customer
I9950,ip
I3880,ip
I5460,ip
D2960,device
C0523,customer
C0306,customer
P3680,payment_instrument
P2861,payment_instrument
D5521,device
D7280,device
C0564,customer
D1171,device
I1640,ip
C0458,customer
P7430,payment_instrument
D7980,device
P8700,payment_instrument
I0091,ip
I8961,ip
P7250,payment_instrument
I4701,ip
I1161,ip
D8390,device
C0131,customer
I5701,ip
I8711,ip
I8130,ip
D5220,device
P5110,payment_instrument
I7402,ip
I6401,ip
D0541,device
D4100,device
I0951,ip
D6910,device
P8210,payment_instrument
I2910,ip
D8092,device
I4661,ip
I8211,ip
C0887,customer
I5561,ip
D7741,device
P0880,payment_instrument
D7530,device
P9400,payment_instrument
I4120,ip
I9920,ip
D4021,device
P9241,payment_instrument
P7600,payment_instrument
D0070,device
C0977,customer
D5060,device
C0169,customer
D9670,device
P6030,payment_instrument
D0630,device
D2090,device
I7171,ip
D3030,device
C0547,customer
I7291,ip
P2561,payment_instrument
P8870,payment_instrument
P7230,payment_instrument
D8290,device
C0039,customer
P6880,payment_instrument
D9701,device
I6142,ip
I0651,ip
I5641,ip
D2402,device
I4410,ip
I1881,ip
D9470,device
P6481,payment_instrument
D5631,device
P8901,payment_instrument
C0191,customer
D0631,device
C0289,customer
D4741,device
C0854,customer
P9460,payment_instrument
I8001,ip
D9681,device
I3551,ip
C0356,customer
P2490,payment_instrument
P5210,payment_instrument
D2000,device
P5120,payment_instrument
D6240,device
I4162,ip
D1430,device
D2461,device
I2860,ip
D7762,device
D2322,device
D2871,device
D4170,device
C0246,customer
I8700,ip
I1940,ip
D0251,device
P5460,payment_instrument
P0340,payment_instrument
P0470,payment_instrument
D0590,device
I3611,ip
D5530,device
P3190,payment_instrument
D1560,device
P7400,payment_instrument
D1492,device
I0870,ip
I3441,ip
I9911,ip
D3711,device
P2600,payment_instrument
I8500,ip
C0129,customer
I5580,ip
P4541,payment_instrument
P8191,payment_instrument
I7750,ip
D3350,device
D1080,device
C0949,customer
C0894,customer
P3070,payment_instrument
P4631,payment_instrument
C0963,customer
P8771,payment_instrument
D6330,device
P1451,payment_instrument
I4660,ip
I6780,ip
P9470,payment_instrument
I9071,ip
C7004,customer
C0560,customer
P6331,payment_instrument
D0171,device
I2271,ip
C6010,customer
C0106,customer
P8490,payment_instrument
P8890,payment_instrument
I0730,ip
I0441,ip
D5900,device
D5441,device
C0903,customer
P0821,payment_instrument
C7005,customer
I9810,ip
D0100,device
D4660,device
D5211,device
I6101,ip
D8331,device
P8520,payment_instrument
I6192,ip
I7021,ip
I0711,ip
D2722,device
C0038,customer
I3510,ip
D2390,device
D5281,device
D4510,device
C0130,customer
D8210,device
D5210,device
D7220,device
D2271,device
I9681,ip
I6371,ip
I2762,ip
I7980,ip
P2760,payment_instrument
I5080,ip
D9250,device
D5081,device
D0131,device
C0359,customer
D6391,device
C0496,customer
D6221,device
P6710,payment_instrument
P4371,payment_instrument
P5891,payment_instrument
I6880,ip
P6540,payment_instrument
I8912,ip
I5661,ip
I3941,ip
I2281,ip
P3171,payment_instrument
I7401,ip
P8510,payment_instrument
I1150,ip
D0130,device
I0123,ip
P2020,payment_instrument
I5050,ip
D2930,device
D5420,device
P4331,payment_instrument
D8690,device
P7070,payment_instrument
D2132,device
D8732,device
I5380,ip
I6091,ip
C6014,customer
I9361,ip
I9282,ip
D9960,device
C0309,customer
P7160,payment_instrument
P4121,payment_instrument
D4220,device
I7390,ip
D4551,device
I0062,ip
C0726,customer
I3060,ip
D6031,device
D2220,device
D3880,device
C0321,customer
D4791,device
P7111,payment_instrument
I9961,ip
I0550,ip
P1310,payment_instrument
C0098,customer
D5610,device
P3950,payment_instrument
C0598,customer
P9550,payment_instrument
I9010,ip
D1711,device
P2400,payment_instrument
C0865,customer
P1241,payment_instrument
P0901,payment_instrument
C0234,customer
I8752,ip
I0780,ip
D8511,device
C8000,customer
P2280,payment_instrument
D3832,device
D0081,device
I3000,ip
C0077,customer
I1120,ip
D2730,device
I1612,ip
D2820,device
I2771,ip
P1530,payment_instrument
C0210,customer
D5250,device
P5361,payment_instrument
D9692,device
I4992,ip
P2100,payment_instrument
I0051,ip
D8201,device
D7972,device
C0995,customer
C0714,customer
P3460,payment_instrument
D8660,device
C0869,customer
I9921,ip
I9382,ip
I2730,ip
D5791,device
D8780,device
D0430,device
I4281,ip
P1991,payment_instrument
I0150,ip
P5430,payment_instrument
C0661,customer
I1801,ip
I4010,ip
P8140,payment_instrument
C0745,customer
P8740,payment_instrument
D2501,device
I1251,ip
I3871,ip
P0931,payment_instrument
I3372,ip
I5931,ip
I1280,ip
C0693,customer
I6822,ip
D4291,device
C0774,customer
I4240,ip
I6200,ip
I0120,ip
I6900,ip
D2950,device
I2001,ip
I2462,ip
C0456,customer
P5071,payment_instrument
C0378,customer
I8450,ip
P3060,payment_instrument
D4191,device
P2360,payment_instrument
C0610,customer
P7891,payment_instrument
I6590,ip
P10001,payment_instrument
I0099,ip
I8541,ip
D5771,device
D5471,device
P5761,payment_instrument
C0707,customer
D3961,device
D5840,device
D1692,device
C0371,customer
P9561,payment_instrument
D9261,device
P0970,payment_instrument
D3520,device
P8190,payment_instrument
C0546,customer
D2052,device
D0370,device
D5252,device
P6401,payment_instrument
P3250,payment_instrument
D3291,device
C0553,customer
C0218,customer
I1700,ip
P5160,payment_instrument
I1950,ip
I0592,ip
I8331,ip
I7221,ip
D2111,device
I9710,ip
I4840,ip
P5410,payment_instrument
D6490,device
D1191,device
D1060,device
D4751,device
D2070,device
P9850,payment_instrument
I5360,ip
P1160,payment_instrument
C0636,customer
D7841,device
I3100,ip
I6741,ip
I9631,ip
D7950,device
D7260,device
D6992,device
D9030,device
C0079,customer
D9411,device
D0252,device
I2660,ip
P7740,payment_instrument
